<?xml version="1.0"?>
<!--
/**
 * Intenso Premium Theme
 * 
 * @category    Itactica
 * @package     Itactica_FeaturedCategories
 * @copyright   Copyright (c) 2014 Itactica (http://www.itactica.com)
 * @license     http://getintenso.com/license
 */
-->
<widgets>
    <featuredcategories_slider_view type="itactica_featuredcategories/slider_widget_view" translate="name description" module="itactica_featuredcategories">
        <name>Intenso - Featured Categories Slider</name>
        <description>Featured Categories Widget</description>
        <is_email_compatible>0</is_email_compatible>
        <parameters>
            <slider_id type="complex" translate="label">
                <visible>1</visible>
                <required>1</required>
                <label>Slider</label>
                <type>label</type>
                <helper_block>
                    <type>itactica_featuredcategories/adminhtml_slider_widget_chooser</type>
                    <data>
                        <button translate="open">
                            <open>Select Slider</open>
                        </button>
                    </data>
                </helper_block>
                <sort_order>120</sort_order>
            </slider_id>
        </parameters>
    </featuredcategories_slider_view>
</widgets>
