<root>
	<democontent>
        <item>
            <title>About Us</title>
            <identifier>about-magento-demo-store</identifier>
            <template>one_column</template>
            <layout_update_xml><![CDATA[]]></layout_update_xml>
            <is_active>1</is_active>
            <content><![CDATA[<div class="row">
<div class="small-12 columns">
<div class="page-title">
    <h1>About Magento Store</h1>
</div>
<div class="col3-set">
<div class="col-1"><p style="line-height:1.2em;">Lorem ipsum dolor sit amet, consectetuer adipiscing elit.
Morbi luctus. Duis lobortis. Nulla nec velit. Mauris pulvinar erat non massa. Suspendisse tortor turpis, porta nec,
tempus vitae, iaculis semper, pede.</p>
<p style="color:#888; font:1.2em/1.4em georgia, serif;">Lorem ipsum dolor sit amet, consectetuer adipiscing elit.
Morbi luctus. Duis lobortis. Nulla nec velit. Mauris pulvinar erat non massa. Suspendisse tortor turpis,
porta nec, tempus vitae, iaculis semper, pede. Cras vel libero id lectus rhoncus porta.</p></div>
<div class="col-2">
<p><strong style="color:#de036f;">Lorem ipsum dolor sit amet, consectetuer adipiscing elit. Morbi luctus.
Duis lobortis. Nulla nec velit.</strong></p>
<p>Vivamus tortor nisl, lobortis in, faucibus et, tempus at, dui. Nunc risus. Proin scelerisque augue. Nam ullamcorper.
Phasellus id massa. Pellentesque nisl. Pellentesque habitant morbi tristique senectus et netus et malesuada
fames ac turpis egestas. Nunc augue. Aenean sed justo non leo vehicula laoreet. Praesent ipsum libero, auctor ac,
tempus nec, tempor nec, justo. </p>
<p>Maecenas ullamcorper, odio vel tempus egestas, dui orci faucibus orci, sit amet aliquet lectus dolor et quam.
Pellentesque consequat luctus purus. Nunc et risus. Etiam a nibh. Phasellus dignissim metus eget nisi.
Vestibulum sapien dolor, aliquet nec, porta ac, malesuada a, libero. Praesent feugiat purus eget est.
Nulla facilisi. Vestibulum tincidunt sapien eu velit. Mauris purus. Maecenas eget mauris eu orci accumsan feugiat.
Pellentesque eget velit. Nunc tincidunt.</p></div>
<div class="col-3">
<p>Lorem ipsum dolor sit amet, consectetuer adipiscing elit. Morbi luctus. Duis lobortis. Nulla nec velit.
Mauris pulvinar erat non massa. Suspendisse tortor turpis, porta nec, tempus vitae, iaculis semper, pede.
Cras vel libero id lectus rhoncus porta. Suspendisse convallis felis ac enim. Vivamus tortor nisl, lobortis in,
faucibus et, tempus at, dui. Nunc risus. Proin scelerisque augue. Nam ullamcorper </p>
<p><strong style="color:#de036f;">Maecenas ullamcorper, odio vel tempus egestas, dui orci faucibus orci,
sit amet aliquet lectus dolor et quam. Pellentesque consequat luctus purus.</strong></p>
<p>Nunc et risus. Etiam a nibh. Phasellus dignissim metus eget nisi.</p>
<div class="divider"></div>
<p>To all of you, from all of us at Magento Store - Thank you and Happy eCommerce!</p>
<p style="line-height:1.2em;"><strong style="font:italic 2em Georgia, serif;">John Doe</strong><br />
<small>Some important guy</small></p></div>
</div>
</div>
</div>
          ]]>
          </content>
        </item>
        <item>
            <title>Customer Service</title>
            <identifier>customer-service</identifier>
            <template>one_column</template>
            <layout_update_xml><![CDATA[]]></layout_update_xml>
            <is_active>1</is_active>
            <content><![CDATA[<div class="row">
<div class="small-12 columns">
<div class="page-title">
<h1>Customer Service</h1>
</div>
</div>
<div class="small-12 medium-4 large-3 columns">
<ul class="side-nav">
<li><a href="#answer1">Shipping &amp; Delivery</a></li>
<li><a href="#answer2">Privacy &amp; Security</a></li>
<li><a href="#answer3">Returns &amp; Replacements</a></li>
<li><a href="#answer4">Ordering</a></li>
<li><a href="#answer5">Payment, Pricing &amp; Promotions</a></li>
<li><a href="#answer6">Viewing Orders</a></li>
<li><a href="#answer7">Updating Account Information</a></li>
</ul>
</div>
<div class="small-12 medium-8 large-9 columns">
<dl>
<dt id="answer1">Shipping &amp; Delivery</dt>
<dd>Lorem ipsum dolor sit amet, consectetuer adipiscing elit. Morbi luctus. Duis lobortis. Nulla nec velit.
Mauris pulvinar erat non massa. Suspendisse tortor turpis, porta nec, tempus vitae, iaculis semper, pede.
Cras vel libero id lectus rhoncus porta. Suspendisse convallis felis ac enim. Vivamus tortor nisl, lobortis in,
faucibus et, tempus at, dui. Nunc risus. Proin scelerisque augue. Nam ullamcorper. Phasellus id massa.
Pellentesque nisl. Pellentesque habitant morbi tristique senectus et netus et malesuada fames ac turpis egestas.
Nunc augue. Aenean sed justo non leo vehicula laoreet. Praesent ipsum libero, auctor ac, tempus nec, tempor nec,
justo.</dd>
<dt id="answer2">Privacy &amp; Security</dt>
<dd>Lorem ipsum dolor sit amet, consectetuer adipiscing elit. Morbi luctus. Duis lobortis. Nulla nec velit.
Mauris pulvinar erat non massa. Suspendisse tortor turpis, porta nec, tempus vitae, iaculis semper, pede.
Cras vel libero id lectus rhoncus porta. Suspendisse convallis felis ac enim. Vivamus tortor nisl, lobortis in,
faucibus et, tempus at, dui. Nunc risus. Proin scelerisque augue. Nam ullamcorper. Phasellus id massa.
Pellentesque nisl. Pellentesque habitant morbi tristique senectus et netus et malesuada fames ac turpis egestas.
Nunc augue. Aenean sed justo non leo vehicula laoreet. Praesent ipsum libero, auctor ac, tempus nec, tempor nec,
justo.</dd>
<dt id="answer3">Returns &amp; Replacements</dt>
<dd>Lorem ipsum dolor sit amet, consectetuer adipiscing elit. Morbi luctus. Duis lobortis. Nulla nec velit.
Mauris pulvinar erat non massa. Suspendisse tortor turpis, porta nec, tempus vitae, iaculis semper, pede.
Cras vel libero id lectus rhoncus porta. Suspendisse convallis felis ac enim. Vivamus tortor nisl, lobortis in,
faucibus et, tempus at, dui. Nunc risus. Proin scelerisque augue. Nam ullamcorper. Phasellus id massa.
Pellentesque nisl. Pellentesque habitant morbi tristique senectus et netus et malesuada fames ac turpis egestas.
Nunc augue. Aenean sed justo non leo vehicula laoreet. Praesent ipsum libero, auctor ac, tempus nec, tempor nec,
justo.</dd>
<dt id="answer4">Ordering</dt>
<dd>Lorem ipsum dolor sit amet, consectetuer adipiscing elit. Morbi luctus. Duis lobortis. Nulla nec velit.
Mauris pulvinar erat non massa. Suspendisse tortor turpis, porta nec, tempus vitae, iaculis semper, pede.
Cras vel libero id lectus rhoncus porta. Suspendisse convallis felis ac enim. Vivamus tortor nisl, lobortis in,
faucibus et, tempus at, dui. Nunc risus. Proin scelerisque augue. Nam ullamcorper. Phasellus id massa.
Pellentesque nisl. Pellentesque habitant morbi tristique senectus et netus et malesuada fames ac turpis egestas.
Nunc augue. Aenean sed justo non leo vehicula laoreet. Praesent ipsum libero, auctor ac, tempus nec, tempor nec,
justo.</dd>
<dt id="answer5">Payment, Pricing &amp; Promotions</dt>
<dd>Lorem ipsum dolor sit amet, consectetuer adipiscing elit. Morbi luctus. Duis lobortis. Nulla nec velit.
Mauris pulvinar erat non massa. Suspendisse tortor turpis, porta nec, tempus vitae, iaculis semper, pede.
Cras vel libero id lectus rhoncus porta. Suspendisse convallis felis ac enim. Vivamus tortor nisl, lobortis in,
faucibus et, tempus at, dui. Nunc risus. Proin scelerisque augue. Nam ullamcorper. Phasellus id massa.
Pellentesque nisl. Pellentesque habitant morbi tristique senectus et netus et malesuada fames ac turpis egestas.
Nunc augue. Aenean sed justo non leo vehicula laoreet. Praesent ipsum libero, auctor ac, tempus nec, tempor nec,
justo.</dd>
<dt id="answer6">Viewing Orders</dt>
<dd>Lorem ipsum dolor sit amet, consectetuer adipiscing elit. Morbi luctus. Duis lobortis. Nulla nec velit.
Mauris pulvinar erat non massa. Suspendisse tortor turpis, porta nec, tempus vitae, iaculis semper, pede.
Cras vel libero id lectus rhoncus porta. Suspendisse convallis felis ac enim. Vivamus tortor nisl, lobortis in,
faucibus et, tempus at, dui. Nunc risus. Proin scelerisque augue. Nam ullamcorper. Phasellus id massa.
 Pellentesque nisl. Pellentesque habitant morbi tristique senectus et netus et malesuada fames ac turpis egestas.
 Nunc augue. Aenean sed justo non leo vehicula laoreet. Praesent ipsum libero, auctor ac, tempus nec, tempor nec,
 justo.</dd>
<dt id="answer7">Updating Account Information</dt>
<dd>Lorem ipsum dolor sit amet, consectetuer adipiscing elit. Morbi luctus. Duis lobortis. Nulla nec velit.
 Mauris pulvinar erat non massa. Suspendisse tortor turpis, porta nec, tempus vitae, iaculis semper, pede.
 Cras vel libero id lectus rhoncus porta. Suspendisse convallis felis ac enim. Vivamus tortor nisl, lobortis in,
 faucibus et, tempus at, dui. Nunc risus. Proin scelerisque augue. Nam ullamcorper. Phasellus id massa.
 Pellentesque nisl. Pellentesque habitant morbi tristique senectus et netus et malesuada fames ac turpis egestas.
 Nunc augue. Aenean sed justo non leo vehicula laoreet. Praesent ipsum libero, auctor ac, tempus nec, tempor nec,
 justo.</dd>
</dl>
</div>
</div>
          ]]>
          </content>
        </item>
        <item>
            <title>Enable Cookies</title>
            <identifier>enable-cookies</identifier>
            <template>one_column</template>
            <layout_update_xml><![CDATA[]]></layout_update_xml>
            <is_active>1</is_active>
            <content><![CDATA[<div class="row">
        <div class="small-12 columns">
            <div class="msg-warning">Please enable cookies in your web browser to continue.</div>
            <div class="page-title">
                <h1><a name="top"></a>What are Cookies?</h1>
            </div>
            <p>Cookies are short pieces of data that are sent to your computer when you visit a website.
             On later visits, this data is then returned to that website. Cookies allow us to recognize you automatically
             whenever you visit our site so that we can personalize your experience and provide you with better service.
             We also use cookies (and similar browser data, such as Flash cookies) for fraud prevention and other purposes.
             If your web browser is set to refuse cookies from our website, you will not be able to complete a purchase
             or take advantage of certain features of our website, such as storing items in your Shopping Cart or
             receiving personalized recommendations. As a result, we strongly encourage you to configure your web
             browser to accept cookies from our website.</p>
            <h2 class="subtitle">Enabling Cookies</h2>
            <ul class="disc">
                <li><a href="#ie7">Internet Explorer 7.x</a></li>
                <li><a href="#ie6">Internet Explorer 6.x</a></li>
                <li><a href="#firefox">Mozilla/Firefox</a></li>
                <li><a href="#opera">Opera 7.x</a></li>
            </ul>
            <h3><a name="ie7"></a>Internet Explorer 7.x</h3>
            <ol>
                <li>
                    <p>Start Internet Explorer</p>
                </li>
                <li>
                    <p>Under the <strong>Tools</strong> menu, click <strong>Internet Options</strong></p>
                    <p><img src="{{skin url="images/cookies/ie7-1.gif"}}" alt="" /></p>
                </li>
                <li>
                    <p>Click the <strong>Privacy</strong> tab</p>
                    <p><img src="{{skin url="images/cookies/ie7-2.gif"}}" alt="" /></p>
                </li>
                <li>
                    <p>Click the <strong>Advanced</strong> button</p>
                    <p><img src="{{skin url="images/cookies/ie7-3.gif"}}" alt="" /></p>
                </li>
                <li>
                    <p>Put a check mark in the box for <strong>Override Automatic Cookie Handling</strong>,
                    put another check mark in the <strong>Always accept session cookies </strong>box</p>
                    <p><img src="{{skin url="images/cookies/ie7-4.gif"}}" alt="" /></p>
                </li>
                <li>
                    <p>Click <strong>OK</strong></p>
                    <p><img src="{{skin url="images/cookies/ie7-5.gif"}}" alt="" /></p>
                </li>
                <li>
                    <p>Click <strong>OK</strong></p>
                    <p><img src="{{skin url="images/cookies/ie7-6.gif"}}" alt="" /></p>
                </li>
                <li>
                    <p>Restart Internet Explore</p>
                </li>
            </ol>
            <p class="a-top"><a href="#top">Back to Top</a></p>
            <h3><a name="ie6"></a>Internet Explorer 6.x</h3>
            <ol>
                <li>
                    <p>Select <strong>Internet Options</strong> from the Tools menu</p>
                    <p><img src="{{skin url="images/cookies/ie6-1.gif"}}" alt="" /></p>
                </li>
                <li>
                    <p>Click on the <strong>Privacy</strong> tab</p>
                </li>
                <li>
                    <p>Click the <strong>Default</strong> button (or manually slide the bar down to <strong>Medium</strong>)
                    under <strong>Settings</strong>. Click <strong>OK</strong></p>
                    <p><img src="{{skin url="images/cookies/ie6-2.gif"}}" alt="" /></p>
                </li>
            </ol>
            <p class="a-top"><a href="#top">Back to Top</a></p>
            <h3><a name="firefox"></a>Mozilla/Firefox</h3>
            <ol>
                <li>
                    <p>Click on the <strong>Tools</strong>-menu in Mozilla</p>
                </li>
                <li>
                    <p>Click on the <strong>Options...</strong> item in the menu - a new window open</p>
                </li>
                <li>
                    <p>Click on the <strong>Privacy</strong> selection in the left part of the window. (See image below)</p>
                    <p><img src="{{skin url="images/cookies/firefox.png"}}" alt="" /></p>
                </li>
                <li>
                    <p>Expand the <strong>Cookies</strong> section</p>
                </li>
                <li>
                    <p>Check the <strong>Enable cookies</strong> and <strong>Accept cookies normally</strong> checkboxes</p>
                </li>
                <li>
                    <p>Save changes by clicking <strong>Ok</strong>.</p>
                </li>
            </ol>
            <p class="a-top"><a href="#top">Back to Top</a></p>
            <h3><a name="opera"></a>Opera 7.x</h3>
            <ol>
                <li>
                    <p>Click on the <strong>Tools</strong> menu in Opera</p>
                </li>
                <li>
                    <p>Click on the <strong>Preferences...</strong> item in the menu - a new window open</p>
                </li>
                <li>
                    <p>Click on the <strong>Privacy</strong> selection near the bottom left of the window. (See image below)</p>
                    <p><img src="{{skin url="images/cookies/opera.png"}}" alt="" /></p>
                </li>
                <li>
                    <p>The <strong>Enable cookies</strong> checkbox must be checked, and <strong>Accept all cookies</strong>
                    should be selected in the &quot;<strong>Normal cookies</strong>&quot; drop-down</p>
                </li>
                <li>
                    <p>Save changes by clicking <strong>Ok</strong></p>
               </li>
            </ol>
            <p class="a-top"><a href="#top">Back to Top</a></p>
         </div>
    </div>
          ]]>
          </content>
        </item>
        <item>
            <title>Home page</title>
            <identifier>home</identifier>
            <template>one_column</template>
            <layout_update_xml><![CDATA[<remove name="breadcrumbs" />]]></layout_update_xml>
            <is_active>1</is_active>
            <content><![CDATA[{{block type="itactica_orbitslider/view" identifier="home_slider" template="itactica_orbitslider/view.phtml"}}

{{block type="itactica_textboxes/view" identifier="home_page_text_box" template="itactica_textboxes/view.phtml"}}

{{block type="itactica_featuredproducts/view" identifier="home_featured" template="itactica_featuredproducts/view.phtml"}}

{{block type="itactica_featuredproducts/view" identifier="home_new_arrivals" template="itactica_featuredproducts/view.phtml"}}

{{block type="itactica_billboard/view" identifier="clothing_home" template="itactica_billboard/view.phtml"}}

{{block type="itactica_featuredcategories/view" identifier="shop_by_trend" template="itactica_featuredcategories/view.phtml"}}

{{block type="itactica_logoslider/view" identifier="shop_by_brand" template="itactica_logoslider/view.phtml"}}

{{block type="itactica_calltoaction/view" identifier="clothing_cta" template="itactica_calltoaction/view.phtml"}}

{{widget type="reports/product_widget_viewed" page_size="10" template="reports/widget/viewed/content/viewed_grid.phtml"}}
            ]]>
            </content>
        </item>
        <item>
            <title>404 Not Found</title>
            <identifier>no-route</identifier>
            <template>no_route_custom</template>
            <layout_update_xml><![CDATA[]]></layout_update_xml>
            <is_active>1</is_active>
            <content><![CDATA[<h1 class="center">Oops, this page isn't here</h1>
<p class="center">The URL may be misspelled or the page you're looking for is no longer available.</p>
            ]]>
            </content>
        </item>
        <item>
            <title>Privacy Policy</title>
            <identifier>privacy-policy-cookie-restriction-mode</identifier>
            <template>one_column</template>
            <layout_update_xml><![CDATA[]]></layout_update_xml>
            <is_active>1</is_active>
            <content><![CDATA[<div class="row">
        <div class="small-12 medium-12 large-12 columns">
            <div class="page-title">
                <h1>Privacy Policy</h1>
            </div>
            <p>
                This privacy policy sets out how {{config path="general/store_information/name"}} uses and protects any information
                that you give {{config path="general/store_information/name"}} when you use this website.
                {{config path="general/store_information/name"}} is committed to ensuring that your privacy is protected.
                Should we ask you to provide certain information by which you can be identified when using this website,
                then you can be assured that it will only be used in accordance with this privacy statement.
                {{config path="general/store_information/name"}} may change this policy from time to time by updating this page.
                You should check this page from time to time to ensure that you are happy with any changes.
            </p>
        </div>
    </div>
    <div class="row">
        <div class="small-12 medium-12 large-12 columns">
            <h2>What we collect</h2>
            <p>We may collect the following information:</p>
            <ul>
                <li>Name</li>
                <li>Contact information including email address</li>
                <li>Demographic information such as postcode, preferences and interests</li>
                <li>Other information relevant to customer surveys and/or offers</li>
            </ul>
            <p>
                For the exhaustive list of cookies we collect see the <a href="#list">List of cookies we collect</a> section.
            </p>
            <p>&nbsp;</p>
        </div>
    </div>
    <div class="row contrast">
        <div class="small-12 medium-12 large-12 columns">
            <h2>What we do with the information we gather</h2>
        </div>
    </div>
    <div class="row contrast">
        <div class="small-12 medium-12 large-12 columns">
            <p>
                We require this information to understand your needs and provide you with a better service,
                and in particular for the following reasons:
            </p>
        </div>
    </div>
    <div class="row contrast">
        <div class="small-12 medium-6 large-6 columns">
            <ul>
                <li>Internal record keeping.</li>
                <li>We may use the information to improve our products and services.</li>
                <li>
                    We may periodically send promotional emails about new products, special offers or other information which we
                    think you may find interesting using the email address which you have provided.
               </li>
            </ul>
            <p>&nbsp;</p>
        </div>
        <div class="small-12 medium-6 large-6 columns">
            <ul>
                <li>
                    From time to time, we may also use your information to contact you for market research purposes.
                    We may contact you by email, phone, fax or mail. We may use the information to customise the website
                    according to your interests.
                </li>
            </ul>
            <p>&nbsp;</p>
        </div>
    </div>
    <div class="row">
        <div class="small-12 medium-12 large-12 columns">
            <p>&nbsp;</p>
            <h2>Security</h2>
            <p>
                We are committed to ensuring that your information is secure. In order to prevent unauthorised access or disclosure,
                we have put in place suitable physical, electronic and managerial procedures to safeguard and secure
                the information we collect online.
            </p>
        </div>
    </div>
    <div class="row">
        <div class="small-12 medium-12 large-12 columns">
            <h2>How we use cookies</h2>
        </div>
    </div>
    <div class="row">
        <div class="small-12 medium-6 large-6 columns">
            <p>
                A cookie is a small file which asks permission to be placed on your computer's hard drive.
                Once you agree, the file is added and the cookie helps analyse web traffic or lets you know when you visit
                a particular site. Cookies allow web applications to respond to you as an individual. The web application
                can tailor its operations to your needs, likes and dislikes by gathering and remembering information about
                your preferences.
            </p>
            <p>
                We use traffic log cookies to identify which pages are being used. This helps us analyse data about web page traffic
                and improve our website in order to tailor it to customer needs. We only use this information for statistical
                analysis purposes and then the data is removed from the system.
            </p>
        </div>
        <div class="small-12 medium-6 large-6 columns">
            <p>
                Overall, cookies help us provide you with a better website, by enabling us to monitor which pages you find useful
                and which you do not. A cookie in no way gives us access to your computer or any information about you,
                other than the data you choose to share with us. You can choose to accept or decline cookies.
                Most web browsers automatically accept cookies, but you can usually modify your browser setting
                to decline cookies if you prefer. This may prevent you from taking full advantage of the website.
            </p>
        </div>
    </div>
    <div class="row">
        <div class="small-12 medium-12 columns">
            <h2>Links to other websites</h2>
        </div>
    </div>
    <div class="row">
        <div class="small-12 medium-6 large-6 columns">
            <p>
                Our website may contain links to other websites of interest. However, once you have used these links
                to leave our site, you should note that we do not have any control over that other website.
            </p>
            <p>&nbsp;</p>
        </div>
        <div class="small-12 medium-6 large-6 columns">
            <p>
                Therefore, we cannot be responsible for the protection and privacy of any information which you provide whilst 
                visiting such sites and such sites are not governed by this privacy statement.
                You should exercise caution and look at the privacy statement applicable to the website in question.
            </p>
            <p>&nbsp;</p>
        </div>
    </div>
    <div class="row contrast">
        <div class="small-12 medium-12 large-12 columns">
            <h2>Controlling your personal information</h2>
        </div>
    </div>
    <div class="row contrast">
        <div class="small-12 medium-6 large-6 columns">
            <p>You may choose to restrict the collection or use of your personal information in the following ways:</p>
            <ul>
                <li>
                    Whenever you are asked to fill in a form on the website, look for the box that you can click to indicate
                    that you do not want the information to be used by anybody for direct marketing purposes
                </li>
                <li>
                    If you have previously agreed to us using your personal information for direct marketing purposes,
                    you may change your mind at any time by writing to or emailing us at
                    {{config path="trans_email/ident_general/email"}}
                </li>
            </ul>
            <p>
                We will not sell, distribute or lease your personal information to third parties unless we have your permission
                or are required by law to do so. We may use your personal information to send you promotional information
                about third parties which we think you may find interesting if you tell us that you wish this to happen.
            </p>
            <p>&nbsp;</p>
        </div>
        <div class="small-12 medium-6 large-6 columns">
            <p>
                You may request details of personal information which we hold about you under the Data Protection Act 1998.
                A small fee will be payable. If you would like a copy of the information held on you please write to
                {{config path="general/store_information/address"}}.
            </p>
            <p>
                 If you believe that any information we are holding on you is incorrect or incomplete,
                please write to or email us as soon as possible, at the above address.
                We will promptly correct any information found to be incorrect.
            </p>
            <p>&nbsp;</p>
        </div>
    </div>
    <div class="row">
        <div class="small-12 medium-12 large-12 columns">
            <p>&nbsp;</p>
            <h2><a id="list"></a>List of cookies we collect</h2>
            <p>The table below lists the cookies we collect and what information they store.</p>
            <table class="data-table">
                <thead>
                    <tr>
                        <th>COOKIE name</th>
                        <th>COOKIE Description</th>
                   </tr>
                </thead>
                <tbody>
                    <tr>
                        <th>CART</th>
                        <td>The association with your shopping cart.</td>
                    </tr>
                    <tr>
                        <th>CATEGORY_INFO</th>
                        <td>Stores the category info on the page, that allows to display pages more quickly.</td>
                    </tr>
                    <tr>
                        <th>COMPARE</th>
                        <td>The items that you have in the Compare Products list.</td>
                    </tr>
                    <tr>
                        <th>CURRENCY</th>
                        <td>Your preferred currency</td>
                    </tr>
                    <tr>
                        <th>CUSTOMER</th>
                        <td>An encrypted version of your customer id with the store.</td>
                    </tr>
                    <tr>
                        <th>CUSTOMER_AUTH</th>
                        <td>An indicator if you are currently logged into the store.</td>
                    </tr>
                    <tr>
                        <th>CUSTOMER_INFO</th>
                        <td>An encrypted version of the customer group you belong to.</td>
                    </tr>
                    <tr>
                        <th>CUSTOMER_SEGMENT_IDS</th>
                        <td>Stores the Customer Segment ID</td>
                    </tr>
                    <tr>
                        <th>EXTERNAL_NO_CACHE</th>
                        <td>A flag, which indicates whether caching is disabled or not.</td>
                    </tr>
                    <tr>
                        <th>FRONTEND</th>
                        <td>You sesssion ID on the server.</td>
                    </tr>
                    <tr>
                        <th>GUEST-VIEW</th>
                        <td>Allows guests to edit their orders.</td>
                    </tr>
                    <tr>
                        <th>LAST_CATEGORY</th>
                        <td>The last category you visited.</td>
                    </tr>
                    <tr>
                        <th>LAST_PRODUCT</th>
                        <td>The most recent product you have viewed.</td>
                    </tr>
                    <tr>
                        <th>NEWMESSAGE</th>
                        <td>Indicates whether a new message has been received.</td>
                    </tr>
                    <tr>
                        <th>NO_CACHE</th>
                        <td>Indicates whether it is allowed to use cache.</td>
                    </tr>
                    <tr>
                        <th>PERSISTENT_SHOPPING_CART</th>
                        <td>A link to information about your cart and viewing history if you have asked the site.</td>
                    </tr>
                    <tr>
                        <th>POLL</th>
                        <td>The ID of any polls you have recently voted in.</td>
                    </tr>
                    <tr>
                        <th>POLLN</th>
                        <td>Information on what polls you have voted on.</td>
                    </tr>
                    <tr>
                        <th>RECENTLYCOMPARED</th>
                        <td>The items that you have recently compared. </td>
                    </tr>
                    <tr>
                        <th>STF</th>
                        <td>Information on products you have emailed to friends.</td>
                    </tr>
                    <tr>
                        <th>STORE</th>
                        <td>The store view or language you have selected.</td>
                    </tr>
                    <tr>
                        <th>USER_ALLOWED_SAVE_COOKIE</th>
                        <td>Indicates whether a customer allowed to use cookies.</td>
                    </tr>
                    <tr>
                        <th>VIEWED_PRODUCT_IDS</th>
                        <td>The products that you have recently viewed.</td>
                    </tr>
                    <tr>
                        <th>WISHLIST</th>
                        <td>An encrypted list of products added to your Wishlist.</td>
                    </tr>
                    <tr>
                        <th>WISHLIST_CNT</th>
                        <td>The number of items in your Wishlist.</td>
                    </tr>
               </tbody>
            </table>
            <p>&nbsp;</p>
        </div>
    </div>
          ]]>
          </content>
        </item>
	</democontent>
</root>

