<root>
	<demo>
		<!-- top level categories -->
		<item>
			<parent></parent>
			<name>Men</name>
			<url>men</url>
			<is_anchor>1</is_anchor>
			<include_in_menu>1</include_in_menu>
			<intenso_menu_style>2</intenso_menu_style>
			<intenso_menu_columns_large>4</intenso_menu_columns_large>
			<intenso_menu_columns_medium>3</intenso_menu_columns_medium>
			<intenso_menu_right_block_width>316px</intenso_menu_right_block_width>
			<intenso_menu_right_block><![CDATA[<img src="{{media url='theme/mega-menu-men.jpg'}}" alt="Men" style="width: 100%; position: absolute; bottom: 0;">]]></intenso_menu_right_block>
			<intenso_menu_top_block><![CDATA[<a href="#">Casual Looks</a>
<a href="#">Sportwear</a>
<a href="#">Workwear</a>
<a href="#">Sport-Inspired Layers</a>
<a href="#">Suit Shop</a>
<a href="#">Other Custom Link</a>]]></intenso_menu_top_block>
			<intenso_menu_bottom_block><![CDATA[<a href="#" style="color: #27ccc0 !important; text-decoration: underline;">30% OFF on all Jeans - Just use discount code <strong>30%OFF</strong> at checkout</a>]]></intenso_menu_bottom_block>
			<is_packery>1</is_packery>
		</item>
		<item>
			<parent></parent>
			<name>Women</name>
			<url>women</url>
			<is_anchor>1</is_anchor>
			<include_in_menu>1</include_in_menu>
			<intenso_menu_style>2</intenso_menu_style>
			<intenso_menu_columns_large>4</intenso_menu_columns_large>
			<intenso_menu_columns_medium>3</intenso_menu_columns_medium>
			<intenso_menu_right_block_width>316px</intenso_menu_right_block_width>
			<intenso_menu_right_block><![CDATA[<img src="{{media url='theme/mega-menu-women.jpg'}}" alt="Women" style="width: 100%; position: absolute; bottom: 0;">]]></intenso_menu_right_block>
			<intenso_menu_top_block><![CDATA[<a href="#">Casual Looks</a>
<a href="#">Sportwear</a>
<a href="#">Workwear</a>
<a href="#">Sport-Inspired Layers</a>
<a href="#">Dress Shop</a>
<a href="#">Other Custom Link</a>]]></intenso_menu_top_block>
			<intenso_menu_bottom_block><![CDATA[<a href="#" style="color: #27ccc0 !important; text-decoration: underline;">30% OFF on all Jeans - Just use discount code <strong>30%OFF</strong> at checkout</a>]]></intenso_menu_bottom_block>
            <is_packery>1</is_packery>
		</item>
		<item>
			<parent></parent>
			<name>Electronics</name>
			<url>electronics</url>
			<is_anchor>1</is_anchor>
			<include_in_menu>1</include_in_menu>
			<intenso_menu_style>2</intenso_menu_style>
			<intenso_menu_columns_large>4</intenso_menu_columns_large>
			<intenso_menu_columns_medium>4</intenso_menu_columns_medium>
			<intenso_menu_right_block_width>0px</intenso_menu_right_block_width>
            <is_packery>0</is_packery>
		</item>
		<item>
			<parent></parent>
			<name>Digital</name>
			<url>digital</url>
			<is_anchor>1</is_anchor>
			<include_in_menu>1</include_in_menu>
		</item>
		<!-- second level categories -->
		<item>
			<parent>men</parent>
			<name>Tops</name>
			<url>men-tops</url>
			<is_anchor>1</is_anchor>
			<thumbnail>polos.jpg</thumbnail>
			<include_in_menu>1</include_in_menu>
		</item>
		<item>
			<parent>men</parent>
			<name>Bottoms</name>
			<url>men-bottoms</url>
			<is_anchor>1</is_anchor>
			<thumbnail>denim.jpg</thumbnail>
			<include_in_menu>1</include_in_menu>
		</item>
		<item>
			<parent>men</parent>
			<name>Footwear</name>
			<url>men-footwear</url>
			<is_anchor>1</is_anchor>
			<thumbnail>footwear.jpg</thumbnail>
			<include_in_menu>1</include_in_menu>
		</item>
		<item>
			<parent>men</parent>
			<name>Accesories</name>
			<url>men-accesories</url>
			<is_anchor>1</is_anchor>
			<thumbnail>accesories.jpg</thumbnail>
			<include_in_menu>1</include_in_menu>
		</item>
		<item>
			<parent>men</parent>
			<name>Cold Weather</name>
			<url>men-cold-weather</url>
			<is_anchor>1</is_anchor>
			<thumbnail>jackets.jpg</thumbnail>
			<include_in_menu>1</include_in_menu>
		</item>
		<item>
			<parent>men</parent>
			<name>Underwear &amp; Socks</name>
			<url>men-underwear-and-socks</url>
			<is_anchor>1</is_anchor>
			<thumbnail>underwear.jpg</thumbnail>
			<include_in_menu>1</include_in_menu>
		</item>
		<item>
			<parent>men</parent>
			<name>Swimsuits</name>
			<url>men-swimsuits</url>
			<is_anchor>1</is_anchor>
			<thumbnail>men-swimsuits.jpg</thumbnail>
			<include_in_menu>1</include_in_menu>
		</item>
		<item>
			<parent>men</parent>
			<name>Bodycare &amp; Cologne</name>
			<url>men-bodycare-and-cologne</url>
			<is_anchor>1</is_anchor>
			<thumbnail>men-bodycare-and-cologne.jpg</thumbnail>
			<include_in_menu>1</include_in_menu>
		</item>
		<item>
			<parent>men</parent>
			<name>Sport-Inspired Layers</name>
			<url>men-sport-inspired-layers</url>
			<is_anchor>1</is_anchor>
			<thumbnail>sport-inspired-layers.jpg</thumbnail>
			<include_in_menu>0</include_in_menu>
		</item>
		<item>
			<parent>men</parent>
			<name>Casual Looks</name>
			<url>men-casual-looks</url>
			<is_anchor>1</is_anchor>
			<thumbnail>casual-looks.jpg</thumbnail>
			<include_in_menu>0</include_in_menu>
		</item>
		<item>
			<parent>men</parent>
			<name>Sportwear</name>
			<url>men-sportwear</url>
			<is_anchor>1</is_anchor>
			<thumbnail>sportwear.jpg</thumbnail>
			<include_in_menu>0</include_in_menu>
		</item>
		<item>
			<parent>men</parent>
			<name>Workwear</name>
			<url>men-workwear</url>
			<is_anchor>1</is_anchor>
			<thumbnail>workwear.jpg</thumbnail>
			<include_in_menu>0</include_in_menu>
		</item>
		<item>
			<parent>men</parent>
			<name>Suit Shop</name>
			<url>men-suit-shop</url>
			<is_anchor>1</is_anchor>
			<thumbnail>suit-shop.jpg</thumbnail>
			<include_in_menu>0</include_in_menu>
		</item>
		<item>
			<parent>women</parent>
			<name>Tops</name>
			<url>women-tops</url>
			<is_anchor>1</is_anchor>
			<thumbnail></thumbnail>
			<include_in_menu>1</include_in_menu>
		</item>
		<item>
			<parent>women</parent>
			<name>Dresses &amp; Skirts</name>
			<url>dresses-and-skirts</url>
			<is_anchor>1</is_anchor>
			<thumbnail></thumbnail>
			<include_in_menu>1</include_in_menu>
		</item>
		<item>
			<parent>women</parent>
			<name>Bottoms</name>
			<url>women-bottoms</url>
			<is_anchor>1</is_anchor>
			<thumbnail></thumbnail>
			<include_in_menu>1</include_in_menu>
		</item>
		<item>
			<parent>women</parent>
			<name>Footwear</name>
			<url>women-footwear</url>
			<is_anchor>1</is_anchor>
			<thumbnail>footwear.jpg</thumbnail>
			<include_in_menu>1</include_in_menu>
		</item>
		<item>
			<parent>women</parent>
			<name>Accesories</name>
			<url>women-accesories</url>
			<is_anchor>1</is_anchor>
			<thumbnail>accesories.jpg</thumbnail>
			<include_in_menu>1</include_in_menu>
		</item>
		<item>
			<parent>women</parent>
			<name>Underwear &amp; Socks</name>
			<url>women-underwear-and-socks</url>
			<is_anchor>1</is_anchor>
			<thumbnail></thumbnail>
			<include_in_menu>1</include_in_menu>
		</item>
		<item>
			<parent>women</parent>
			<name>Beach</name>
			<url>women-beach</url>
			<is_anchor>1</is_anchor>
			<thumbnail></thumbnail>
			<include_in_menu>1</include_in_menu>
		</item>
		<item>
			<parent>women</parent>
			<name>Bodycare &amp; Perfume</name>
			<url>bodycare-and-perfume</url>
			<is_anchor>1</is_anchor>
			<thumbnail></thumbnail>
			<include_in_menu>1</include_in_menu>
		</item>
		<!-- third level categories -->
		<item>
			<parent>men-tops</parent>
			<name>Shirts</name>
			<url>men-shirts</url>
			<is_anchor>1</is_anchor>
			<include_in_menu>1</include_in_menu>
		</item>
		<item>
			<parent>men-tops</parent>
			<name>Sweaters</name>
			<url>men-sweaters</url>
			<is_anchor>1</is_anchor>
			<include_in_menu>1</include_in_menu>
		</item>
		<item>
			<parent>men-tops</parent>
			<name>Polos</name>
			<url>men-polos</url>
			<is_anchor>1</is_anchor>
			<include_in_menu>1</include_in_menu>
		</item>
		<item>
			<parent>men-tops</parent>
			<name>T-Shirts</name>
			<url>men-t-shirts</url>
			<is_anchor>1</is_anchor>
			<include_in_menu>1</include_in_menu>
		</item>
		<item>
			<parent>men-bottoms</parent>
			<name>Jeans</name>
			<url>men-jeans</url>
			<is_anchor>1</is_anchor>
			<include_in_menu>1</include_in_menu>
		</item>
		<item>
			<parent>men-bottoms</parent>
			<name>Pants</name>
			<url>men-pants</url>
			<is_anchor>1</is_anchor>
			<include_in_menu>1</include_in_menu>
		</item>
		<item>
			<parent>men-bottoms</parent>
			<name>Shorts</name>
			<url>men-shorts</url>
			<is_anchor>1</is_anchor>
			<include_in_menu>1</include_in_menu>
		</item>
		<item>
			<parent>men-footwear</parent>
			<name>Casual</name>
			<url>men-casual</url>
			<is_anchor>1</is_anchor>
			<include_in_menu>1</include_in_menu>
		</item>
		<item>
			<parent>men-footwear</parent>
			<name>Boots</name>
			<url>men-boots</url>
			<is_anchor>1</is_anchor>
			<include_in_menu>1</include_in_menu>
		</item>
		<item>
			<parent>men-footwear</parent>
			<name>Dress</name>
			<url>men-dress</url>
			<is_anchor>1</is_anchor>
			<include_in_menu>1</include_in_menu>
		</item>
		<item>
			<parent>men-accesories</parent>
			<name>Watches</name>
			<url>men-watches</url>
			<is_anchor>1</is_anchor>
			<include_in_menu>1</include_in_menu>
		</item>
		<item>
			<parent>men-accesories</parent>
			<name>Bags</name>
			<url>men-bags</url>
			<is_anchor>1</is_anchor>
			<include_in_menu>1</include_in_menu>
		</item>
		<item>
			<parent>men-accesories</parent>
			<name>Wallets</name>
			<url>men-wallets</url>
			<is_anchor>1</is_anchor>
			<include_in_menu>1</include_in_menu>
		</item>
		<item>
			<parent>men-accesories</parent>
			<name>Belts</name>
			<url>men-belts</url>
			<is_anchor>1</is_anchor>
			<include_in_menu>1</include_in_menu>
		</item>
		<item>
			<parent>men-accesories</parent>
			<name>Sunglasses</name>
			<url>men-sunglasses</url>
			<is_anchor>1</is_anchor>
			<include_in_menu>1</include_in_menu>
		</item>
		<item>
			<parent>men-cold-weather</parent>
			<name>Jackets</name>
			<url>men-jackets</url>
			<is_anchor>1</is_anchor>
			<include_in_menu>1</include_in_menu>
		</item>
		<item>
			<parent>men-cold-weather</parent>
			<name>Pullovers</name>
			<url>men-pullovers</url>
			<is_anchor>1</is_anchor>
			<include_in_menu>1</include_in_menu>
		</item>
		<item>
			<parent>men-cold-weather</parent>
			<name>Hats</name>
			<url>men-hats</url>
			<is_anchor>1</is_anchor>
			<include_in_menu>1</include_in_menu>
		</item>
		<item>
			<parent>men-cold-weather</parent>
			<name>Gloves</name>
			<url>men-gloves</url>
			<is_anchor>1</is_anchor>
			<include_in_menu>1</include_in_menu>
		</item>
		<item>
			<parent>men-underwear-and-socks</parent>
			<name>Boxers</name>
			<url>men-boxers</url>
			<is_anchor>1</is_anchor>
			<include_in_menu>1</include_in_menu>
		</item>
		<item>
			<parent>men-underwear-and-socks</parent>
			<name>Boxer Briefs</name>
			<url>men-boxer-briefs</url>
			<is_anchor>1</is_anchor>
			<include_in_menu>1</include_in_menu>
		</item>
		<item>
			<parent>men-underwear-and-socks</parent>
			<name>Trunks</name>
			<url>men-trunks</url>
			<is_anchor>1</is_anchor>
			<include_in_menu>1</include_in_menu>
		</item>
		<item>
			<parent>men-underwear-and-socks</parent>
			<name>Socks</name>
			<url>men-socks</url>
			<is_anchor>1</is_anchor>
			<include_in_menu>1</include_in_menu>
		</item>
		<item>
			<parent>men-swimsuits</parent>
			<name>Classic</name>
			<url>men-classic</url>
			<is_anchor>1</is_anchor>
			<include_in_menu>1</include_in_menu>
		</item>
		<item>
			<parent>men-swimsuits</parent>
			<name>Chill Fit</name>
			<url>men-chill-fit</url>
			<is_anchor>1</is_anchor>
			<include_in_menu>1</include_in_menu>
		</item>
		<item>
			<parent>men-swimsuits</parent>
			<name>Prep Cut</name>
			<url>men-prep-cut</url>
			<is_anchor>1</is_anchor>
			<include_in_menu>1</include_in_menu>
		</item>
		<item>
			<parent>men-bodycare-and-cologne</parent>
			<name>Cologne</name>
			<url>men-cologne</url>
			<is_anchor>1</is_anchor>
			<include_in_menu>1</include_in_menu>
		</item>
		<item>
			<parent>men-bodycare-and-cologne</parent>
			<name>Body Care</name>
			<url>men-body-care</url>
			<is_anchor>1</is_anchor>
			<include_in_menu>1</include_in_menu>
		</item>
		<item>
			<parent>women-tops</parent>
			<name>Shirts</name>
			<url>women-shirts</url>
			<is_anchor>1</is_anchor>
			<include_in_menu>1</include_in_menu>
		</item>
		<item>
			<parent>women-tops</parent>
			<name>Sweaters</name>
			<url>women-sweaters</url>
			<is_anchor>1</is_anchor>
			<include_in_menu>1</include_in_menu>
		</item>
		<item>
			<parent>women-tops</parent>
			<name>Polos</name>
			<url>women-polos</url>
			<is_anchor>1</is_anchor>
			<include_in_menu>1</include_in_menu>
		</item>
		<item>
			<parent>women-tops</parent>
			<name>T-Shirts &amp; Tanks</name>
			<url>women-t-shirts-and-tanks</url>
			<is_anchor>1</is_anchor>
			<include_in_menu>1</include_in_menu>
		</item>
		<item>
			<parent>dresses-and-skirts</parent>
			<name>Dresses</name>
			<url>dresses</url>
			<is_anchor>1</is_anchor>
			<include_in_menu>1</include_in_menu>
		</item>
		<item>
			<parent>dresses-and-skirts</parent>
			<name>Skirts</name>
			<url>skirts</url>
			<is_anchor>1</is_anchor>
			<include_in_menu>1</include_in_menu>
		</item>
		<item>
			<parent>women-bottoms</parent>
			<name>Jeans</name>
			<url>women-jeans</url>
			<is_anchor>1</is_anchor>
			<include_in_menu>1</include_in_menu>
		</item>
		<item>
			<parent>women-bottoms</parent>
			<name>Pants</name>
			<url>women-pants</url>
			<is_anchor>1</is_anchor>
			<include_in_menu>1</include_in_menu>
		</item>
		<item>
			<parent>women-bottoms</parent>
			<name>Shorts</name>
			<url>women-shorts</url>
			<is_anchor>1</is_anchor>
			<include_in_menu>1</include_in_menu>
		</item>
		<item>
			<parent>women-footwear</parent>
			<name>Casual</name>
			<url>women-casual</url>
			<is_anchor>1</is_anchor>
			<include_in_menu>1</include_in_menu>
		</item>
		<item>
			<parent>women-footwear</parent>
			<name>Dress</name>
			<url>women-dress</url>
			<is_anchor>1</is_anchor>
			<include_in_menu>1</include_in_menu>
		</item>
		<item>
			<parent>women-footwear</parent>
			<name>Boots</name>
			<url>women-boots</url>
			<is_anchor>1</is_anchor>
			<include_in_menu>1</include_in_menu>
		</item>
		<item>
			<parent>women-accesories</parent>
			<name>Bags</name>
			<url>women-bags</url>
			<is_anchor>1</is_anchor>
			<include_in_menu>1</include_in_menu>
		</item>
		<item>
			<parent>women-accesories</parent>
			<name>Jewelry</name>
			<url>women-jewelry</url>
			<is_anchor>1</is_anchor>
			<include_in_menu>1</include_in_menu>
		</item>
		<item>
			<parent>women-accesories</parent>
			<name>Sunglasses</name>
			<url>women-sunglasses</url>
			<is_anchor>1</is_anchor>
			<include_in_menu>1</include_in_menu>
		</item>
		<item>
			<parent>women-underwear-and-socks</parent>
			<name>Panties</name>
			<url>panties</url>
			<is_anchor>1</is_anchor>
			<include_in_menu>1</include_in_menu>
		</item>
		<item>
			<parent>women-underwear-and-socks</parent>
			<name>Bras</name>
			<url>bras</url>
			<is_anchor>1</is_anchor>
			<include_in_menu>1</include_in_menu>
		</item>
		<item>
			<parent>women-underwear-and-socks</parent>
			<name>Socks</name>
			<url>women-socks</url>
			<is_anchor>1</is_anchor>
			<include_in_menu>1</include_in_menu>
		</item>
		<item>
			<parent>women-beach</parent>
			<name>Swimsuits</name>
			<url>women-swimsuits</url>
			<is_anchor>1</is_anchor>
			<include_in_menu>1</include_in_menu>
		</item>
		<item>
			<parent>women-beach</parent>
			<name>Beach Dresses</name>
			<url>beach-dresses</url>
			<is_anchor>1</is_anchor>
			<include_in_menu>1</include_in_menu>
		</item>
		<item>
			<parent>bodycare-and-perfume</parent>
			<name>Perfume</name>
			<url>perfume</url>
			<is_anchor>1</is_anchor>
			<include_in_menu>1</include_in_menu>
		</item>
		<item>
			<parent>bodycare-and-perfume</parent>
			<name>Body Care</name>
			<url>women-body-care</url>
			<is_anchor>1</is_anchor>
			<include_in_menu>1</include_in_menu>
		</item>
		<item>
			<parent>electronics</parent>
			<name>Tablets</name>
			<url>tablets</url>
			<is_anchor>1</is_anchor>
			<include_in_menu>1</include_in_menu>
			<intenso_menu_top_block><![CDATA[<a href="{{store direct_url="electronics/tablets.html"}}"><img src="{{media url='theme/mega-menu-electronics-tablets.jpg'}}" alt="Tablets" style="width: 95%;"></a>]]></intenso_menu_top_block>
		</item>
		<item>
			<parent>electronics</parent>
			<name>Laptops</name>
			<url>laptops</url>
			<is_anchor>1</is_anchor>
			<include_in_menu>1</include_in_menu>
			<intenso_menu_top_block><![CDATA[<a href="{{store direct_url="electronics/laptops.html"}}"><img src="{{media url='theme/mega-menu-electronics-laptops.jpg'}}" alt="Laptops" style="width: 95%;"></a>]]></intenso_menu_top_block>
		</item>
		<item>
			<parent>electronics</parent>
			<name>Cell Phones</name>
			<url>cellphones</url>
			<is_anchor>1</is_anchor>
			<include_in_menu>1</include_in_menu>
			<intenso_menu_top_block><![CDATA[<a href="{{store direct_url="electronics/cellphones.html"}}"><img src="{{media url='theme/mega-menu-electronics-phones.jpg'}}" alt="Cell Phones" style="width: 100%;"></a>]]></intenso_menu_top_block>
		</item>
		<item>
			<parent>electronics</parent>
			<name>Cameras</name>
			<url>cameras</url>
			<is_anchor>1</is_anchor>
			<include_in_menu>1</include_in_menu>
			<intenso_menu_top_block><![CDATA[<a href="{{store direct_url="electronics/cameras.html"}}"><img src="{{media url='theme/mega-menu-electronics-cameras.jpg'}}" alt="Cameras" style="width: 100%;"></a>]]></intenso_menu_top_block>
		</item>
		<item>
			<parent>digital</parent>
			<name>eBooks</name>
			<url>ebooks</url>
			<is_anchor>1</is_anchor>
			<include_in_menu>1</include_in_menu>
		</item>
		<item>
			<parent>digital</parent>
			<name>Music</name>
			<url>music</url>
			<is_anchor>1</is_anchor>
			<include_in_menu>1</include_in_menu>
		</item>
		<item>
			<parent>digital</parent>
			<name>Software</name>
			<url>software</url>
			<is_anchor>1</is_anchor>
			<include_in_menu>1</include_in_menu>
		</item>
		<!-- fourth level categories -->
		<item>
			<parent>men-casual</parent>
			<name>Sneakers</name>
			<url>men-sneakers</url>
			<is_anchor>1</is_anchor>
			<include_in_menu>1</include_in_menu>
		</item>
		<item>
			<parent>men-casual</parent>
			<name>Flip Flops</name>
			<url>men-flip-flops</url>
			<is_anchor>1</is_anchor>
			<include_in_menu>1</include_in_menu>
		</item>
		<item>
			<parent>men-body-care</parent>
			<name>Shower Gel</name>
			<url>men-shower-gel</url>
			<is_anchor>1</is_anchor>
			<include_in_menu>1</include_in_menu>
		</item>
		<item>
			<parent>men-body-care</parent>
			<name>Corporal Spray</name>
			<url>men-corporal-spray</url>
			<is_anchor>1</is_anchor>
			<include_in_menu>1</include_in_menu>
		</item>
		<item>
			<parent>women-casual</parent>
			<name>Sandals</name>
			<url>women-sandals</url>
			<is_anchor>1</is_anchor>
			<include_in_menu>1</include_in_menu>
		</item>
		<item>
			<parent>women-casual</parent>
			<name>Flats</name>
			<url>women-flats</url>
			<is_anchor>1</is_anchor>
			<include_in_menu>1</include_in_menu>
		</item>
		<item>
			<parent>women-casual</parent>
			<name>Sneakers</name>
			<url>women-sneakers</url>
			<is_anchor>1</is_anchor>
			<include_in_menu>1</include_in_menu>
		</item>
		<item>
			<parent>women-jewelry</parent>
			<name>Necklace</name>
			<url>women-necklace</url>
			<is_anchor>1</is_anchor>
			<include_in_menu>1</include_in_menu>
		</item>
		<item>
			<parent>women-jewelry</parent>
			<name>Bracelet</name>
			<url>women-bracelet</url>
			<is_anchor>1</is_anchor>
			<include_in_menu>1</include_in_menu>
		</item>
		<item>
			<parent>women-body-care</parent>
			<name>Body Wash</name>
			<url>women-body-wash</url>
			<is_anchor>1</is_anchor>
			<include_in_menu>1</include_in_menu>
		</item>
		<item>
			<parent>women-body-care</parent>
			<name>Body Mist</name>
			<url>women-body-mist</url>
			<is_anchor>1</is_anchor>
			<include_in_menu>1</include_in_menu>
		</item>
		<item>
			<parent>women-body-care</parent>
			<name>Body Lotion</name>
			<url>women-body-lotion</url>
			<is_anchor>1</is_anchor>
			<include_in_menu>1</include_in_menu>
		</item>
		<item>
			<parent>tablets</parent>
			<name>Apple</name>
			<url>tablets-apple</url>
			<is_anchor>1</is_anchor>
			<include_in_menu>1</include_in_menu>
		</item>
		<item>
			<parent>tablets</parent>
			<name>Microsoft</name>
			<url>tablets-microsoft</url>
			<is_anchor>1</is_anchor>
			<include_in_menu>1</include_in_menu>
		</item>
		<item>
			<parent>tablets</parent>
			<name>Nexus</name>
			<url>tablets-nexus</url>
			<is_anchor>1</is_anchor>
			<include_in_menu>1</include_in_menu>
		</item>
		<item>
			<parent>tablets</parent>
			<name>Samsung</name>
			<url>tablets-samsung</url>
			<is_anchor>1</is_anchor>
			<include_in_menu>1</include_in_menu>
		</item>
		<item>
			<parent>laptops</parent>
			<name>Apple</name>
			<url>laptops-apple</url>
			<is_anchor>1</is_anchor>
			<include_in_menu>1</include_in_menu>
		</item>
		<item>
			<parent>laptops</parent>
			<name>Dell</name>
			<url>laptops-dell</url>
			<is_anchor>1</is_anchor>
			<include_in_menu>1</include_in_menu>
		</item>
		<item>
			<parent>laptops</parent>
			<name>HP</name>
			<url>laptops-hp</url>
			<is_anchor>1</is_anchor>
			<include_in_menu>1</include_in_menu>
		</item>
		<item>
			<parent>laptops</parent>
			<name>Samsung</name>
			<url>laptops-samsung</url>
			<is_anchor>1</is_anchor>
			<include_in_menu>1</include_in_menu>
		</item>
		<item>
			<parent>cellphones</parent>
			<name>Apple</name>
			<url>cellphones-apple</url>
			<is_anchor>1</is_anchor>
			<include_in_menu>1</include_in_menu>
		</item>
		<item>
			<parent>cellphones</parent>
			<name>LG</name>
			<url>cellphones-lg</url>
			<is_anchor>1</is_anchor>
			<include_in_menu>1</include_in_menu>
		</item>
		<item>
			<parent>cellphones</parent>
			<name>Nokia</name>
			<url>cellphones-nokia</url>
			<is_anchor>1</is_anchor>
			<include_in_menu>1</include_in_menu>
		</item>
		<item>
			<parent>cellphones</parent>
			<name>Samsung</name>
			<url>cellphones-samsung</url>
			<is_anchor>1</is_anchor>
			<include_in_menu>1</include_in_menu>
		</item>
		<item>
			<parent>cameras</parent>
			<name>Canon</name>
			<url>cameras-canon</url>
			<is_anchor>1</is_anchor>
			<include_in_menu>1</include_in_menu>
		</item>
		<item>
			<parent>cameras</parent>
			<name>GoPro</name>
			<url>cameras-gopro</url>
			<is_anchor>1</is_anchor>
			<include_in_menu>1</include_in_menu>
		</item>
		<item>
			<parent>cameras</parent>
			<name>Nikon</name>
			<url>cameras-nikon</url>
			<is_anchor>1</is_anchor>
			<include_in_menu>1</include_in_menu>
		</item>
		<item>
			<parent>cameras</parent>
			<name>Olympus</name>
			<url>cameras-olympus</url>
			<is_anchor>1</is_anchor>
			<include_in_menu>1</include_in_menu>
		</item>
	</demo>
</root>

