<root>
	<democontent>
		<item>
			<title>Home Slider</title>
			<identifier>home_slider</identifier>
			<animation_type>2</animation_type>
			<animation_speed>600</animation_speed>
			<timer_speed>7000</timer_speed>
			<pause_on_hover>0</pause_on_hover>
			<circular>1</circular>
			<swipe>1</swipe>
			<full_screen>0</full_screen>
			<use_advanced>0</use_advanced>
			<status>1</status>
			<slides>
				<item>Demo Slide 1</item>
				<item>Demo Slide 2</item>
				<item>Demo Slide 3</item>
			</slides>
			<stores><item>0</item></stores>
			<content></content>
		</item>
		<item>
			<title>Category Men Slider</title>
			<identifier>category_men_slider</identifier>
			<add_to_category_url>
				<item>men</item>
			</add_to_category_url>
			<animation_type>1</animation_type>
			<animation_speed>600</animation_speed>
			<timer_speed>7000</timer_speed>
			<pause_on_hover>0</pause_on_hover>
			<circular>1</circular>
			<swipe>1</swipe>
			<full_screen>0</full_screen>
			<use_advanced>0</use_advanced>
			<status>1</status>
			<slides>
				<item>Demo Slide 4</item>
			</slides>
			<stores><item>0</item></stores>
			<content></content>
		</item>
		<item>
			<title>Category Women Slider</title>
			<identifier>category_women_slider</identifier>
			<add_to_category_url>
				<item>women</item>
			</add_to_category_url>
			<animation_type>1</animation_type>
			<animation_speed>600</animation_speed>
			<timer_speed>7000</timer_speed>
			<pause_on_hover>0</pause_on_hover>
			<circular>1</circular>
			<swipe>1</swipe>
			<full_screen>0</full_screen>
			<use_advanced>0</use_advanced>
			<status>1</status>
			<slides>
				<item>Demo Slide 5</item>
			</slides>
			<stores><item>0</item></stores>
			<content></content>
		</item>
	</democontent>
</root>

