<root>
	<democontent>
		<item>
			<title>SHOP BY BRAND</title>
			<identifier>electronics_shop_by_brand</identifier>
			<add_to_category_url>
				<item>laptops</item>
				<item>cameras</item>
				<item>cellphones-and-tablets</item>
				<item>tvs</item>
			</add_to_category_url>
			<min_item_width>120</min_item_width>
			<animation_speed>300</animation_speed>
			<show_bullets>1</show_bullets>
			<show_arrows>1</show_arrows>
			<swipe>1</swipe>
			<status>1</status>
			<stores><item>0</item></stores>
		</item>
	</democontent>
</root>

