<root>
	<democontent>
		<item>
			<title>Electronics - Action Cameras</title>
			<filename_for_large>/hero-10-large.jpg</filename_for_large>
			<filename_for_medium>/hero-10-medium.jpg</filename_for_medium>
			<filename_for_small>/hero-10-small.jpg</filename_for_small>
			<image_link>cameras.html</image_link>
			<navigation_skin>2</navigation_skin>
			<text_block_alignment>left</text_block_alignment>
			<custom_alignment></custom_alignment>
			<vertical_alignment>0</vertical_alignment>
			<text_block_top></text_block_top>
			<title_for_large><![CDATA[]]></title_for_large>
			<title_for_large_color>#000000</title_for_large_color>
			<title_for_large_size>44</title_for_large_size>
			<title_for_large_style>normal</title_for_large_style>
			<title_for_large_weight>300</title_for_large_weight>
			<text_for_large><![CDATA[]]></text_for_large>
			<text_for_large_color>#000000</text_for_large_color>
			<text_for_large_size>20</text_for_large_size>
			<text_for_large_style>normal</text_for_large_style>
			<text_for_large_weight>normal</text_for_large_weight>
			<text_block_color_for_small>#d9dfe2</text_block_color_for_small>
			<title_for_small><![CDATA[]]></title_for_small>
			<title_for_small_color>#333333</title_for_small_color>
			<title_for_small_size>24</title_for_small_size>
			<title_for_small_style>normal</title_for_small_style>
			<title_for_small_weight>300</title_for_small_weight>
			<text_for_small><![CDATA[]]></text_for_small>
			<text_for_small_color>#777777</text_for_small_color>
			<text_for_small_size>14</text_for_small_size>
			<text_for_small_style>normal</text_for_small_style>
			<text_for_small_weight>normal</text_for_small_weight>
			<button_one_text><![CDATA[]]></button_one_text>
			<button_one_style>normal</button_one_style>
			<button_one_size>normal</button_one_size>
			<button_one_link></button_one_link>
			<button_one_text_color>#ffffff</button_one_text_color>
			<button_one_text_color_hover>#ffffff</button_one_text_color_hover>
			<button_one_background>#698483</button_one_background>
			<button_one_background_hover>#475b5a</button_one_background_hover>
			<button_two_text><![CDATA[]]></button_two_text>
			<button_two_style>ghost</button_two_style>
			<button_two_size>normal</button_two_size>
			<button_two_link></button_two_link>
			<button_two_text_color>#ffffff</button_two_text_color>
			<button_two_text_color_hover>#698483</button_two_text_color_hover>
			<button_two_background>#ffffff</button_two_background>
			<button_two_background_hover>#698483</button_two_background_hover>
			<status>1</status>
			<stores><item>0</item></stores>
		</item>
		<item>
			<title>Electronics - Cellphones</title>
			<filename_for_large>/hero-11-large.jpg</filename_for_large>
			<filename_for_medium>/hero-11-medium.jpg</filename_for_medium>
			<filename_for_small>/hero-11-small.jpg</filename_for_small>
			<image_link>cellphones-and-tablets.html</image_link>
			<navigation_skin>1</navigation_skin>
			<text_block_alignment>left</text_block_alignment>
			<custom_alignment></custom_alignment>
			<vertical_alignment>0</vertical_alignment>
			<text_block_top></text_block_top>
			<title_for_large><![CDATA[]]></title_for_large>
			<title_for_large_color>#000000</title_for_large_color>
			<title_for_large_size>44</title_for_large_size>
			<title_for_large_style>normal</title_for_large_style>
			<title_for_large_weight>300</title_for_large_weight>
			<text_for_large><![CDATA[]]></text_for_large>
			<text_for_large_color>#000000</text_for_large_color>
			<text_for_large_size>20</text_for_large_size>
			<text_for_large_style>normal</text_for_large_style>
			<text_for_large_weight>normal</text_for_large_weight>
			<text_block_color_for_small>#d9dfe2</text_block_color_for_small>
			<title_for_small><![CDATA[]]></title_for_small>
			<title_for_small_color>#333333</title_for_small_color>
			<title_for_small_size>24</title_for_small_size>
			<title_for_small_style>normal</title_for_small_style>
			<title_for_small_weight>300</title_for_small_weight>
			<text_for_small><![CDATA[]]></text_for_small>
			<text_for_small_color>#777777</text_for_small_color>
			<text_for_small_size>14</text_for_small_size>
			<text_for_small_style>normal</text_for_small_style>
			<text_for_small_weight>normal</text_for_small_weight>
			<button_one_text><![CDATA[]]></button_one_text>
			<button_one_style>normal</button_one_style>
			<button_one_size>normal</button_one_size>
			<button_one_link></button_one_link>
			<button_one_text_color>#ffffff</button_one_text_color>
			<button_one_text_color_hover>#ffffff</button_one_text_color_hover>
			<button_one_background>#698483</button_one_background>
			<button_one_background_hover>#475b5a</button_one_background_hover>
			<button_two_text><![CDATA[]]></button_two_text>
			<button_two_style>ghost</button_two_style>
			<button_two_size>normal</button_two_size>
			<button_two_link></button_two_link>
			<button_two_text_color>#ffffff</button_two_text_color>
			<button_two_text_color_hover>#698483</button_two_text_color_hover>
			<button_two_background>#ffffff</button_two_background>
			<button_two_background_hover>#698483</button_two_background_hover>
			<status>1</status>
			<stores><item>0</item></stores>
		</item>
		<item>
			<title>Electronics - TVs</title>
			<filename_for_large>/hero-12-large.jpg</filename_for_large>
			<filename_for_medium>/hero-12-medium.jpg</filename_for_medium>
			<filename_for_small>/hero-12-small.jpg</filename_for_small>
			<image_link>tvs.html</image_link>
			<navigation_skin>2</navigation_skin>
			<text_block_alignment>left</text_block_alignment>
			<custom_alignment></custom_alignment>
			<vertical_alignment>0</vertical_alignment>
			<text_block_top></text_block_top>
			<title_for_large><![CDATA[]]></title_for_large>
			<title_for_large_color>#000000</title_for_large_color>
			<title_for_large_size>44</title_for_large_size>
			<title_for_large_style>normal</title_for_large_style>
			<title_for_large_weight>300</title_for_large_weight>
			<text_for_large><![CDATA[]]></text_for_large>
			<text_for_large_color>#000000</text_for_large_color>
			<text_for_large_size>20</text_for_large_size>
			<text_for_large_style>normal</text_for_large_style>
			<text_for_large_weight>normal</text_for_large_weight>
			<text_block_color_for_small>#d9dfe2</text_block_color_for_small>
			<title_for_small><![CDATA[]]></title_for_small>
			<title_for_small_color>#333333</title_for_small_color>
			<title_for_small_size>24</title_for_small_size>
			<title_for_small_style>normal</title_for_small_style>
			<title_for_small_weight>300</title_for_small_weight>
			<text_for_small><![CDATA[]]></text_for_small>
			<text_for_small_color>#777777</text_for_small_color>
			<text_for_small_size>14</text_for_small_size>
			<text_for_small_style>normal</text_for_small_style>
			<text_for_small_weight>normal</text_for_small_weight>
			<button_one_text><![CDATA[]]></button_one_text>
			<button_one_style>normal</button_one_style>
			<button_one_size>normal</button_one_size>
			<button_one_link></button_one_link>
			<button_one_text_color>#ffffff</button_one_text_color>
			<button_one_text_color_hover>#ffffff</button_one_text_color_hover>
			<button_one_background>#698483</button_one_background>
			<button_one_background_hover>#475b5a</button_one_background_hover>
			<button_two_text><![CDATA[]]></button_two_text>
			<button_two_style>ghost</button_two_style>
			<button_two_size>normal</button_two_size>
			<button_two_link></button_two_link>
			<button_two_text_color>#ffffff</button_two_text_color>
			<button_two_text_color_hover>#698483</button_two_text_color_hover>
			<button_two_background>#ffffff</button_two_background>
			<button_two_background_hover>#698483</button_two_background_hover>
			<status>1</status>
			<stores><item>0</item></stores>
		</item>
		<item>
			<title>Electronics - Smartwatch</title>
			<filename_for_large>/hero-13-large.jpg</filename_for_large>
			<filename_for_medium>/hero-13-medium.jpg</filename_for_medium>
			<filename_for_small>/hero-13-small.jpg</filename_for_small>
			<image_link></image_link>
			<navigation_skin>2</navigation_skin>
			<text_block_alignment>custom</text_block_alignment>
			<custom_alignment>5</custom_alignment>
			<vertical_alignment>1</vertical_alignment>
			<text_block_top>23%</text_block_top>
			<title_for_large><![CDATA[Millions of ways to see time.]]></title_for_large>
			<title_for_large_color>#000000</title_for_large_color>
			<title_for_large_size>62</title_for_large_size>
			<title_for_large_style>normal</title_for_large_style>
			<title_for_large_weight>300</title_for_large_weight>
			<text_for_large><![CDATA[With Intenso Smart Watch you will make a twist in the way you look at time. Interacting with it is just as easy and intuitive as using your mobile phone or your laptop.]]></text_for_large>
			<text_for_large_color>#555555</text_for_large_color>
			<text_for_large_size>22</text_for_large_size>
			<text_for_large_style>normal</text_for_large_style>
			<text_for_large_weight>300</text_for_large_weight>
			<text_block_color_for_small>#d9dfe2</text_block_color_for_small>
			<title_for_small><![CDATA[]]></title_for_small>
			<title_for_small_color>#000000</title_for_small_color>
			<title_for_small_size>24</title_for_small_size>
			<title_for_small_style>normal</title_for_small_style>
			<title_for_small_weight>normal</title_for_small_weight>
			<text_for_small><![CDATA[With Intenso Smart Watch you will make a twist in the way you look at time. Interacting with it is just as easy and intuitive as using your mobile phone or your laptop.]]></text_for_small>
			<text_for_small_color>#555555</text_for_small_color>
			<text_for_small_size>14</text_for_small_size>
			<text_for_small_style>normal</text_for_small_style>
			<text_for_small_weight>300</text_for_small_weight>
			<button_one_text><![CDATA[Shop Now]]></button_one_text>
			<button_one_style>ghost</button_one_style>
			<button_one_size>normal</button_one_size>
			<button_one_link>cellphones-and-tablets/smartwatch.html</button_one_link>
			<button_one_text_color>#5787f5</button_one_text_color>
			<button_one_text_color_hover>#3570b7</button_one_text_color_hover>
			<button_one_background>#5787f5</button_one_background>
			<button_one_background_hover>#3570b7</button_one_background_hover>
			<button_two_text><![CDATA[]]></button_two_text>
			<button_two_style>ghost</button_two_style>
			<button_two_size>normal</button_two_size>
			<button_two_link></button_two_link>
			<button_two_text_color>#ffffff</button_two_text_color>
			<button_two_text_color_hover>#698483</button_two_text_color_hover>
			<button_two_background>#ffffff</button_two_background>
			<button_two_background_hover>#698483</button_two_background_hover>
			<status>1</status>
			<stores><item>0</item></stores>
		</item>
		<item>
			<title>Electronics Category Laptops</title>
			<filename_for_large>/banner-category-laptops-large.jpg</filename_for_large>
			<filename_for_medium>/banner-category-laptops-medium.jpg</filename_for_medium>
			<filename_for_small>/banner-category-laptops-small.jpg</filename_for_small>
			<image_link></image_link>
			<navigation_skin>2</navigation_skin>
			<text_block_alignment>left</text_block_alignment>
			<custom_alignment></custom_alignment>
			<vertical_alignment>0</vertical_alignment>
			<text_block_top></text_block_top>
			<title_for_large><![CDATA[]]></title_for_large>
			<title_for_large_color>#000000</title_for_large_color>
			<title_for_large_size>62</title_for_large_size>
			<title_for_large_style>normal</title_for_large_style>
			<title_for_large_weight>300</title_for_large_weight>
			<text_for_large><![CDATA[]]></text_for_large>
			<text_for_large_color>#555555</text_for_large_color>
			<text_for_large_size>22</text_for_large_size>
			<text_for_large_style>normal</text_for_large_style>
			<text_for_large_weight>300</text_for_large_weight>
			<text_block_color_for_small>#d9dfe2</text_block_color_for_small>
			<title_for_small><![CDATA[]]></title_for_small>
			<title_for_small_color>#000000</title_for_small_color>
			<title_for_small_size>24</title_for_small_size>
			<title_for_small_style>normal</title_for_small_style>
			<title_for_small_weight>normal</title_for_small_weight>
			<text_for_small><![CDATA[]]></text_for_small>
			<text_for_small_color>#555555</text_for_small_color>
			<text_for_small_size>14</text_for_small_size>
			<text_for_small_style>normal</text_for_small_style>
			<text_for_small_weight>300</text_for_small_weight>
			<button_one_text><![CDATA[]]></button_one_text>
			<button_one_style>ghost</button_one_style>
			<button_one_size>normal</button_one_size>
			<button_one_link></button_one_link>
			<button_one_text_color>#5787f5</button_one_text_color>
			<button_one_text_color_hover>#3570b7</button_one_text_color_hover>
			<button_one_background>#5787f5</button_one_background>
			<button_one_background_hover>#3570b7</button_one_background_hover>
			<button_two_text><![CDATA[]]></button_two_text>
			<button_two_style>ghost</button_two_style>
			<button_two_size>normal</button_two_size>
			<button_two_link></button_two_link>
			<button_two_text_color>#ffffff</button_two_text_color>
			<button_two_text_color_hover>#698483</button_two_text_color_hover>
			<button_two_background>#ffffff</button_two_background>
			<button_two_background_hover>#698483</button_two_background_hover>
			<status>1</status>
			<stores><item>0</item></stores>
		</item>
		<item>
			<title>Electronics Category Cameras</title>
			<filename_for_large>/banner-category-cameras-large.jpg</filename_for_large>
			<filename_for_medium>/banner-category-cameras-medium.jpg</filename_for_medium>
			<filename_for_small>/banner-category-cameras-small.jpg</filename_for_small>
			<image_link></image_link>
			<navigation_skin>2</navigation_skin>
			<text_block_alignment>left</text_block_alignment>
			<custom_alignment></custom_alignment>
			<vertical_alignment>0</vertical_alignment>
			<text_block_top></text_block_top>
			<title_for_large><![CDATA[]]></title_for_large>
			<title_for_large_color>#000000</title_for_large_color>
			<title_for_large_size>62</title_for_large_size>
			<title_for_large_style>normal</title_for_large_style>
			<title_for_large_weight>300</title_for_large_weight>
			<text_for_large><![CDATA[]]></text_for_large>
			<text_for_large_color>#555555</text_for_large_color>
			<text_for_large_size>22</text_for_large_size>
			<text_for_large_style>normal</text_for_large_style>
			<text_for_large_weight>300</text_for_large_weight>
			<text_block_color_for_small>#d9dfe2</text_block_color_for_small>
			<title_for_small><![CDATA[]]></title_for_small>
			<title_for_small_color>#000000</title_for_small_color>
			<title_for_small_size>24</title_for_small_size>
			<title_for_small_style>normal</title_for_small_style>
			<title_for_small_weight>normal</title_for_small_weight>
			<text_for_small><![CDATA[]]></text_for_small>
			<text_for_small_color>#555555</text_for_small_color>
			<text_for_small_size>14</text_for_small_size>
			<text_for_small_style>normal</text_for_small_style>
			<text_for_small_weight>300</text_for_small_weight>
			<button_one_text><![CDATA[]]></button_one_text>
			<button_one_style>ghost</button_one_style>
			<button_one_size>normal</button_one_size>
			<button_one_link></button_one_link>
			<button_one_text_color>#5787f5</button_one_text_color>
			<button_one_text_color_hover>#3570b7</button_one_text_color_hover>
			<button_one_background>#5787f5</button_one_background>
			<button_one_background_hover>#3570b7</button_one_background_hover>
			<button_two_text><![CDATA[]]></button_two_text>
			<button_two_style>ghost</button_two_style>
			<button_two_size>normal</button_two_size>
			<button_two_link></button_two_link>
			<button_two_text_color>#ffffff</button_two_text_color>
			<button_two_text_color_hover>#698483</button_two_text_color_hover>
			<button_two_background>#ffffff</button_two_background>
			<button_two_background_hover>#698483</button_two_background_hover>
			<status>1</status>
			<stores><item>0</item></stores>
		</item>
		<item>
			<title>Electronics Category Cellphones</title>
			<filename_for_large>/banner-category-cellphones-large.jpg</filename_for_large>
			<filename_for_medium>/banner-category-cellphones-medium.jpg</filename_for_medium>
			<filename_for_small>/banner-category-cellphones-small.jpg</filename_for_small>
			<image_link></image_link>
			<navigation_skin>2</navigation_skin>
			<text_block_alignment>left</text_block_alignment>
			<custom_alignment></custom_alignment>
			<vertical_alignment>0</vertical_alignment>
			<text_block_top></text_block_top>
			<title_for_large><![CDATA[]]></title_for_large>
			<title_for_large_color>#000000</title_for_large_color>
			<title_for_large_size>62</title_for_large_size>
			<title_for_large_style>normal</title_for_large_style>
			<title_for_large_weight>300</title_for_large_weight>
			<text_for_large><![CDATA[]]></text_for_large>
			<text_for_large_color>#555555</text_for_large_color>
			<text_for_large_size>22</text_for_large_size>
			<text_for_large_style>normal</text_for_large_style>
			<text_for_large_weight>300</text_for_large_weight>
			<text_block_color_for_small>#d9dfe2</text_block_color_for_small>
			<title_for_small><![CDATA[]]></title_for_small>
			<title_for_small_color>#000000</title_for_small_color>
			<title_for_small_size>24</title_for_small_size>
			<title_for_small_style>normal</title_for_small_style>
			<title_for_small_weight>normal</title_for_small_weight>
			<text_for_small><![CDATA[]]></text_for_small>
			<text_for_small_color>#555555</text_for_small_color>
			<text_for_small_size>14</text_for_small_size>
			<text_for_small_style>normal</text_for_small_style>
			<text_for_small_weight>300</text_for_small_weight>
			<button_one_text><![CDATA[]]></button_one_text>
			<button_one_style>ghost</button_one_style>
			<button_one_size>normal</button_one_size>
			<button_one_link></button_one_link>
			<button_one_text_color>#5787f5</button_one_text_color>
			<button_one_text_color_hover>#3570b7</button_one_text_color_hover>
			<button_one_background>#5787f5</button_one_background>
			<button_one_background_hover>#3570b7</button_one_background_hover>
			<button_two_text><![CDATA[]]></button_two_text>
			<button_two_style>ghost</button_two_style>
			<button_two_size>normal</button_two_size>
			<button_two_link></button_two_link>
			<button_two_text_color>#ffffff</button_two_text_color>
			<button_two_text_color_hover>#698483</button_two_text_color_hover>
			<button_two_background>#ffffff</button_two_background>
			<button_two_background_hover>#698483</button_two_background_hover>
			<status>1</status>
			<stores><item>0</item></stores>
		</item>
		<item>
			<title>Electronics Category TV</title>
			<filename_for_large>/banner-category-tv-large.jpg</filename_for_large>
			<filename_for_medium>/banner-category-tv-medium.jpg</filename_for_medium>
			<filename_for_small>/banner-category-tv-small.jpg</filename_for_small>
			<image_link></image_link>
			<navigation_skin>2</navigation_skin>
			<text_block_alignment>left</text_block_alignment>
			<custom_alignment></custom_alignment>
			<vertical_alignment>0</vertical_alignment>
			<text_block_top></text_block_top>
			<title_for_large><![CDATA[]]></title_for_large>
			<title_for_large_color>#000000</title_for_large_color>
			<title_for_large_size>62</title_for_large_size>
			<title_for_large_style>normal</title_for_large_style>
			<title_for_large_weight>300</title_for_large_weight>
			<text_for_large><![CDATA[]]></text_for_large>
			<text_for_large_color>#555555</text_for_large_color>
			<text_for_large_size>22</text_for_large_size>
			<text_for_large_style>normal</text_for_large_style>
			<text_for_large_weight>300</text_for_large_weight>
			<text_block_color_for_small>#d9dfe2</text_block_color_for_small>
			<title_for_small><![CDATA[]]></title_for_small>
			<title_for_small_color>#000000</title_for_small_color>
			<title_for_small_size>24</title_for_small_size>
			<title_for_small_style>normal</title_for_small_style>
			<title_for_small_weight>normal</title_for_small_weight>
			<text_for_small><![CDATA[]]></text_for_small>
			<text_for_small_color>#555555</text_for_small_color>
			<text_for_small_size>14</text_for_small_size>
			<text_for_small_style>normal</text_for_small_style>
			<text_for_small_weight>300</text_for_small_weight>
			<button_one_text><![CDATA[]]></button_one_text>
			<button_one_style>ghost</button_one_style>
			<button_one_size>normal</button_one_size>
			<button_one_link></button_one_link>
			<button_one_text_color>#5787f5</button_one_text_color>
			<button_one_text_color_hover>#3570b7</button_one_text_color_hover>
			<button_one_background>#5787f5</button_one_background>
			<button_one_background_hover>#3570b7</button_one_background_hover>
			<button_two_text><![CDATA[]]></button_two_text>
			<button_two_style>ghost</button_two_style>
			<button_two_size>normal</button_two_size>
			<button_two_link></button_two_link>
			<button_two_text_color>#ffffff</button_two_text_color>
			<button_two_text_color_hover>#698483</button_two_text_color_hover>
			<button_two_background>#ffffff</button_two_background>
			<button_two_background_hover>#698483</button_two_background_hover>
			<status>1</status>
			<stores><item>0</item></stores>
		</item>
	</democontent>
</root>

