<root>
	<democontent>
		<item>
			<title>Furniture - Dining</title>
			<filename_for_large>/hero-7-large.jpg</filename_for_large>
			<filename_for_medium>/hero-7-medium.jpg</filename_for_medium>
			<filename_for_small>/hero-7-small.jpg</filename_for_small>
			<image_link></image_link>
			<navigation_skin>2</navigation_skin>
			<text_block_alignment>left</text_block_alignment>
			<custom_alignment></custom_alignment>
			<title_for_large><![CDATA[]]></title_for_large>
			<title_for_large_color>#000000</title_for_large_color>
			<title_for_large_size>44</title_for_large_size>
			<title_for_large_style>normal</title_for_large_style>
			<title_for_large_weight>300</title_for_large_weight>
			<text_for_large><![CDATA[]]></text_for_large>
			<text_for_large_color>#000000</text_for_large_color>
			<text_for_large_size>20</text_for_large_size>
			<text_for_large_style>normal</text_for_large_style>
			<text_for_large_weight>normal</text_for_large_weight>
			<text_block_color_for_small>#d9dfe2</text_block_color_for_small>
			<title_for_small><![CDATA[]]></title_for_small>
			<title_for_small_color>#333333</title_for_small_color>
			<title_for_small_size>24</title_for_small_size>
			<title_for_small_style>normal</title_for_small_style>
			<title_for_small_weight>300</title_for_small_weight>
			<text_for_small><![CDATA[]]></text_for_small>
			<text_for_small_color>#777777</text_for_small_color>
			<text_for_small_size>14</text_for_small_size>
			<text_for_small_style>normal</text_for_small_style>
			<text_for_small_weight>normal</text_for_small_weight>
			<button_one_text><![CDATA[]]></button_one_text>
			<button_one_style>normal</button_one_style>
			<button_one_size>normal</button_one_size>
			<button_one_link></button_one_link>
			<button_one_text_color>#ffffff</button_one_text_color>
			<button_one_text_color_hover>#ffffff</button_one_text_color_hover>
			<button_one_background>#698483</button_one_background>
			<button_one_background_hover>#475b5a</button_one_background_hover>
			<button_two_text><![CDATA[]]></button_two_text>
			<button_two_style>ghost</button_two_style>
			<button_two_size>normal</button_two_size>
			<button_two_link></button_two_link>
			<button_two_text_color>#ffffff</button_two_text_color>
			<button_two_text_color_hover>#698483</button_two_text_color_hover>
			<button_two_background>#ffffff</button_two_background>
			<button_two_background_hover>#698483</button_two_background_hover>
			<status>1</status>
			<stores><item>0</item></stores>
		</item>
		<item>
			<title>Furniture - Beedroom</title>
			<filename_for_large>/hero-8-large.jpg</filename_for_large>
			<filename_for_medium>/hero-8-medium.jpg</filename_for_medium>
			<filename_for_small>/hero-8-small.jpg</filename_for_small>
			<image_link></image_link>
			<navigation_skin>2</navigation_skin>
			<text_block_alignment>left</text_block_alignment>
			<custom_alignment></custom_alignment>
			<title_for_large><![CDATA[]]></title_for_large>
			<title_for_large_color>#000000</title_for_large_color>
			<title_for_large_size>44</title_for_large_size>
			<title_for_large_style>normal</title_for_large_style>
			<title_for_large_weight>300</title_for_large_weight>
			<text_for_large><![CDATA[]]></text_for_large>
			<text_for_large_color>#000000</text_for_large_color>
			<text_for_large_size>20</text_for_large_size>
			<text_for_large_style>normal</text_for_large_style>
			<text_for_large_weight>normal</text_for_large_weight>
			<text_block_color_for_small>#777777</text_block_color_for_small>
			<title_for_small><![CDATA[]]></title_for_small>
			<title_for_small_color>#333333</title_for_small_color>
			<title_for_small_size>24</title_for_small_size>
			<title_for_small_style>normal</title_for_small_style>
			<title_for_small_weight>300</title_for_small_weight>
			<text_for_small><![CDATA[]]></text_for_small>
			<text_for_small_color>#777777</text_for_small_color>
			<text_for_small_size>14</text_for_small_size>
			<text_for_small_style>normal</text_for_small_style>
			<text_for_small_weight>normal</text_for_small_weight>
			<button_one_text><![CDATA[]]></button_one_text>
			<button_one_style>normal</button_one_style>
			<button_one_size>normal</button_one_size>
			<button_one_link></button_one_link>
			<button_one_text_color>#ffffff</button_one_text_color>
			<button_one_text_color_hover>#ffffff</button_one_text_color_hover>
			<button_one_background>#698483</button_one_background>
			<button_one_background_hover>#475b5a</button_one_background_hover>
			<button_two_text><![CDATA[]]></button_two_text>
			<button_two_style>ghost</button_two_style>
			<button_two_size>normal</button_two_size>
			<button_two_link></button_two_link>
			<button_two_text_color>#698483</button_two_text_color>
			<button_two_text_color_hover>#475b5a</button_two_text_color_hover>
			<button_two_background>#698483</button_two_background>
			<button_two_background_hover>#475b5a</button_two_background_hover>
			<status>1</status>
			<stores><item>0</item></stores>
		</item>
		<item>
			<title>Furniture - Kitchen</title>
			<filename_for_large>/hero-9-large.jpg</filename_for_large>
			<filename_for_medium>/hero-9-medium.jpg</filename_for_medium>
			<filename_for_small>/hero-9-small.jpg</filename_for_small>
			<image_link></image_link>
			<navigation_skin>2</navigation_skin>
			<text_block_alignment>left</text_block_alignment>
			<custom_alignment></custom_alignment>
			<title_for_large><![CDATA[]]></title_for_large>
			<title_for_large_color>#000000</title_for_large_color>
			<title_for_large_size>44</title_for_large_size>
			<title_for_large_style>normal</title_for_large_style>
			<title_for_large_weight>300</title_for_large_weight>
			<text_for_large><![CDATA[]]></text_for_large>
			<text_for_large_color>#000000</text_for_large_color>
			<text_for_large_size>20</text_for_large_size>
			<text_for_large_style>normal</text_for_large_style>
			<text_for_large_weight>normal</text_for_large_weight>
			<text_block_color_for_small>#777777</text_block_color_for_small>
			<title_for_small><![CDATA[]]></title_for_small>
			<title_for_small_color>#333333</title_for_small_color>
			<title_for_small_size>24</title_for_small_size>
			<title_for_small_style>normal</title_for_small_style>
			<title_for_small_weight>300</title_for_small_weight>
			<text_for_small><![CDATA[]]></text_for_small>
			<text_for_small_color>#777777</text_for_small_color>
			<text_for_small_size>14</text_for_small_size>
			<text_for_small_style>normal</text_for_small_style>
			<text_for_small_weight>normal</text_for_small_weight>
			<button_one_text><![CDATA[]]></button_one_text>
			<button_one_style>normal</button_one_style>
			<button_one_size>normal</button_one_size>
			<button_one_link></button_one_link>
			<button_one_text_color>#ffffff</button_one_text_color>
			<button_one_text_color_hover>#ffffff</button_one_text_color_hover>
			<button_one_background>#698483</button_one_background>
			<button_one_background_hover>#475b5a</button_one_background_hover>
			<button_two_text><![CDATA[]]></button_two_text>
			<button_two_style>ghost</button_two_style>
			<button_two_size>normal</button_two_size>
			<button_two_link></button_two_link>
			<button_two_text_color>#ffffff</button_two_text_color>
			<button_two_text_color_hover>#698483</button_two_text_color_hover>
			<button_two_background>#ffffff</button_two_background>
			<button_two_background_hover>#698483</button_two_background_hover>
			<status>1</status>
			<stores><item>0</item></stores>
		</item>
	</democontent>
</root>

