<root>
	<democontent>
		<item>
			<title>Home Slider - Furniture</title>
			<identifier>home_slider_furniture</identifier>
			<animation_type>2</animation_type>
			<animation_speed>600</animation_speed>
			<timer_speed>7000</timer_speed>
			<pause_on_hover>0</pause_on_hover>
			<circular>1</circular>
			<swipe>1</swipe>
			<full_screen>0</full_screen>
			<use_advanced>0</use_advanced>
			<status>1</status>
			<slides>
				<item>Furniture - Dining</item>
				<item>Furniture - Beedroom</item>
				<item>Furniture - Kitchen</item>
			</slides>
			<stores><item>0</item></stores>
			<content></content>
		</item>
	</democontent>
</root>

