<root>
	<democontent>
		<item>
			<title>Home Decor Accesories</title>
			<identifier>home_decor</identifier>
			<add_to_category_url></add_to_category_url>
			<animation_speed>300</animation_speed>
			<minimum_width>220</minimum_width>
			<swipe>1</swipe>
			<position>0</position>
			<status>1</status>
			<categories>
				<item>lighting</item>
				<item>mirrors</item>
				<item>pillows</item>
				<item>decor-accesories</item>
				<item>bath</item>
				<item>tabletop-decor</item>
				<item>textils</item>
			</categories>
			<stores><item>0</item></stores>
		</item>
	</democontent>
</root>

