<root>
<products>
	<item>
		<type>simple</type>
		<name>Configurable Product</name>
		<url>configurable-product-turquoise</url>
		<sku>configurable-product-turquoise</sku>
		<color>Turquoise</color>
		<price>19.95</price>
		<description><![CDATA[<p>Prima saepe instructior vis ut, te vel eros assueverit. Has in verterem recusabo. Et vix odio unum invidunt, lorem possit praesent no pro, decore vituperatoribus ad cum. His suas hendrerit evertitur ne. Vel et sale adolescens complectitur, solet periculis erroribus his no.</p><ul><li>Ea mundi altera mei, qui in porro inani.</li><li>Ubique labitur ne mei, vix errem inermis dolores in.</li><li>Nec at malis quidam aeterno et quot iriure qui.</li><li>Quo autem accusamus disputationi ut, natum oportere interpretaris est ei.</li><li>Eam no primis putant similique, ea choro prodesset pro.</li></ul>]]></description>
		<short_description><![CDATA[<p>Prima saepe instructior vis ut, te vel eros assueverit. Has in verterem recusabo. Et vix odio unum invidunt, lorem possit praesent no pro, decore vituperatoribus ad cum. His suas hendrerit evertitur ne. Vel et sale adolescens complectitur, solet periculis erroribus his no.</p>]]></short_description>
		<category_url>living-room,bedroom,dining-and-kitchen,outdoor,decor,sofas-and-armchairs,coffee-and-side-tables,tv-and-media-furniture,living-room-storage,beds-and-headboards,mattresses,nightstands-and-bedside-tables,wardrobes-and-bedroom-storage,tables,chairs,bar-stools,buffets-and-sideboards,kitchen-islands-and-carts,dining-tables,outdoor-lounge-furniture,outdoor-sectional-sofa,textils,pillows,lighting,bath,decor-accesories,mirrors,tabletop-decor</category_url>
		<special_price></special_price>
		<special_from_date></special_from_date>
		<special_to_date></special_to_date>
		<visible>0</visible>
		<news_from_date></news_from_date>
		<news_to_date></news_to_date>
		<manufacturer>Intenso</manufacturer>
		<country_of_manufacturer>VN</country_of_manufacturer>
		<msrp_enabled>0</msrp_enabled>
		<msrp_display_type>4</msrp_display_type>
		<msrp></msrp>
		<images>product-demo-image-1.jpg,product-demo-image-1-2.jpg,product-demo-image-1-3.jpg</images>
	</item>
	<item>
		<type>simple</type>
		<name>Configurable Product</name>
		<url>configurable-product-gray</url>
		<sku>configurable-product-gray</sku>
		<color>Gray</color>
		<price>19.95</price>
		<description><![CDATA[<p>Prima saepe instructior vis ut, te vel eros assueverit. Has in verterem recusabo. Et vix odio unum invidunt, lorem possit praesent no pro, decore vituperatoribus ad cum. His suas hendrerit evertitur ne. Vel et sale adolescens complectitur, solet periculis erroribus his no.</p><ul><li>Ea mundi altera mei, qui in porro inani.</li><li>Ubique labitur ne mei, vix errem inermis dolores in.</li><li>Nec at malis quidam aeterno et quot iriure qui.</li><li>Quo autem accusamus disputationi ut, natum oportere interpretaris est ei.</li><li>Eam no primis putant similique, ea choro prodesset pro.</li></ul>]]></description>
		<short_description><![CDATA[<p>Prima saepe instructior vis ut, te vel eros assueverit. Has in verterem recusabo. Et vix odio unum invidunt, lorem possit praesent no pro, decore vituperatoribus ad cum. His suas hendrerit evertitur ne. Vel et sale adolescens complectitur, solet periculis erroribus his no.</p>]]></short_description>
		<category_url>living-room,bedroom,dining-and-kitchen,outdoor,decor,sofas-and-armchairs,coffee-and-side-tables,tv-and-media-furniture,living-room-storage,beds-and-headboards,mattresses,nightstands-and-bedside-tables,wardrobes-and-bedroom-storage,tables,chairs,bar-stools,buffets-and-sideboards,kitchen-islands-and-carts,dining-tables,outdoor-lounge-furniture,outdoor-sectional-sofa,textils,pillows,lighting,bath,decor-accesories,mirrors,tabletop-decor</category_url>
		<special_price></special_price>
		<special_from_date></special_from_date>
		<special_to_date></special_to_date>
		<visible>0</visible>
		<news_from_date></news_from_date>
		<news_to_date></news_to_date>
		<manufacturer>Intenso</manufacturer>
		<country_of_manufacturer>VN</country_of_manufacturer>
		<msrp_enabled>0</msrp_enabled>
		<msrp_display_type>4</msrp_display_type>
		<msrp></msrp>
		<images>product-demo-image-5.jpg,product-demo-image-5-2.jpg,product-demo-image-5-3.jpg</images>
	</item>
	<item>
		<type>simple</type>
		<name>Configurable Product</name>
		<url>configurable-product-purple</url>
		<sku>configurable-product-purple</sku>
		<color>Purple</color>
		<price>19.95</price>
		<description><![CDATA[<p>Prima saepe instructior vis ut, te vel eros assueverit. Has in verterem recusabo. Et vix odio unum invidunt, lorem possit praesent no pro, decore vituperatoribus ad cum. His suas hendrerit evertitur ne. Vel et sale adolescens complectitur, solet periculis erroribus his no.</p><ul><li>Ea mundi altera mei, qui in porro inani.</li><li>Ubique labitur ne mei, vix errem inermis dolores in.</li><li>Nec at malis quidam aeterno et quot iriure qui.</li><li>Quo autem accusamus disputationi ut, natum oportere interpretaris est ei.</li><li>Eam no primis putant similique, ea choro prodesset pro.</li></ul>]]></description>
		<short_description><![CDATA[<p>Prima saepe instructior vis ut, te vel eros assueverit. Has in verterem recusabo. Et vix odio unum invidunt, lorem possit praesent no pro, decore vituperatoribus ad cum. His suas hendrerit evertitur ne. Vel et sale adolescens complectitur, solet periculis erroribus his no.</p>]]></short_description>
		<category_url>living-room,bedroom,dining-and-kitchen,outdoor,decor,sofas-and-armchairs,coffee-and-side-tables,tv-and-media-furniture,living-room-storage,beds-and-headboards,mattresses,nightstands-and-bedside-tables,wardrobes-and-bedroom-storage,tables,chairs,bar-stools,buffets-and-sideboards,kitchen-islands-and-carts,dining-tables,outdoor-lounge-furniture,outdoor-sectional-sofa,textils,pillows,lighting,bath,decor-accesories,mirrors,tabletop-decor</category_url>
		<special_price></special_price>
		<special_from_date></special_from_date>
		<special_to_date></special_to_date>
		<visible>0</visible>
		<news_from_date></news_from_date>
		<news_to_date></news_to_date>
		<manufacturer>Intenso</manufacturer>
		<country_of_manufacturer>VN</country_of_manufacturer>
		<msrp_enabled>0</msrp_enabled>
		<msrp_display_type>4</msrp_display_type>
		<msrp></msrp>
		<images>product-demo-image-6.jpg,product-demo-image-6-2.jpg,product-demo-image-6-3.jpg</images>
	</item>
	<item>
		<type>simple</type>
		<name>Configurable Product</name>
		<url>configurable-product-orange</url>
		<sku>configurable-product-orange</sku>
		<color>Orange</color>
		<price>19.95</price>
		<description><![CDATA[<p>Prima saepe instructior vis ut, te vel eros assueverit. Has in verterem recusabo. Et vix odio unum invidunt, lorem possit praesent no pro, decore vituperatoribus ad cum. His suas hendrerit evertitur ne. Vel et sale adolescens complectitur, solet periculis erroribus his no.</p><ul><li>Ea mundi altera mei, qui in porro inani.</li><li>Ubique labitur ne mei, vix errem inermis dolores in.</li><li>Nec at malis quidam aeterno et quot iriure qui.</li><li>Quo autem accusamus disputationi ut, natum oportere interpretaris est ei.</li><li>Eam no primis putant similique, ea choro prodesset pro.</li></ul>]]></description>
		<short_description><![CDATA[<p>Prima saepe instructior vis ut, te vel eros assueverit. Has in verterem recusabo. Et vix odio unum invidunt, lorem possit praesent no pro, decore vituperatoribus ad cum. His suas hendrerit evertitur ne. Vel et sale adolescens complectitur, solet periculis erroribus his no.</p>]]></short_description>
		<category_url>living-room,bedroom,dining-and-kitchen,outdoor,decor,sofas-and-armchairs,coffee-and-side-tables,tv-and-media-furniture,living-room-storage,beds-and-headboards,mattresses,nightstands-and-bedside-tables,wardrobes-and-bedroom-storage,tables,chairs,bar-stools,buffets-and-sideboards,kitchen-islands-and-carts,dining-tables,outdoor-lounge-furniture,outdoor-sectional-sofa,textils,pillows,lighting,bath,decor-accesories,mirrors,tabletop-decor</category_url>
		<special_price></special_price>
		<special_from_date></special_from_date>
		<special_to_date></special_to_date>
		<visible>0</visible>
		<news_from_date></news_from_date>
		<news_to_date></news_to_date>
		<manufacturer>Intenso</manufacturer>
		<country_of_manufacturer>VN</country_of_manufacturer>
		<msrp_enabled>0</msrp_enabled>
		<msrp_display_type>4</msrp_display_type>
		<msrp></msrp>
		<images>product-demo-image-8.jpg,product-demo-image-8-2.jpg,product-demo-image-8-3.jpg</images>
	</item>
	<item>
		<type>configurable</type>
		<name>Configurable Product</name>
		<url>configurable-product</url>
		<sku>configurable-product</sku>
		<price>19.95</price>
		<description><![CDATA[<p>Prima saepe instructior vis ut, te vel eros assueverit. Has in verterem recusabo. Et vix odio unum invidunt, lorem possit praesent no pro, decore vituperatoribus ad cum. His suas hendrerit evertitur ne. Vel et sale adolescens complectitur, solet periculis erroribus his no.</p><ul><li>Ea mundi altera mei, qui in porro inani.</li><li>Ubique labitur ne mei, vix errem inermis dolores in.</li><li>Nec at malis quidam aeterno et quot iriure qui.</li><li>Quo autem accusamus disputationi ut, natum oportere interpretaris est ei.</li><li>Eam no primis putant similique, ea choro prodesset pro.</li></ul>]]></description>
		<short_description><![CDATA[<p>Prima saepe instructior vis ut, te vel eros assueverit. Has in verterem recusabo. Et vix odio unum invidunt, lorem possit praesent no pro, decore vituperatoribus ad cum. His suas hendrerit evertitur ne. Vel et sale adolescens complectitur, solet periculis erroribus his no.</p>]]></short_description>
		<category_url>living-room,bedroom,dining-and-kitchen,outdoor,decor,sofas-and-armchairs,coffee-and-side-tables,tv-and-media-furniture,living-room-storage,beds-and-headboards,mattresses,nightstands-and-bedside-tables,wardrobes-and-bedroom-storage,tables,chairs,bar-stools,buffets-and-sideboards,kitchen-islands-and-carts,dining-tables,outdoor-lounge-furniture,outdoor-sectional-sofa,textils,pillows,lighting,bath,decor-accesories,mirrors,tabletop-decor</category_url>
		<special_price>15.95</special_price>
		<special_from_date>04/01/2016</special_from_date>
		<special_to_date></special_to_date>
		<visible>1</visible>
		<news_from_date></news_from_date>
		<news_to_date></news_to_date>
		<manufacturer>Intenso</manufacturer>
		<country_of_manufacturer>VN</country_of_manufacturer>
		<msrp_enabled>0</msrp_enabled>
		<msrp_display_type>4</msrp_display_type>
		<msrp></msrp>
		<images>product-demo-image-1.jpg,product-demo-image-1-2.jpg,product-demo-image-1-3.jpg</images>
		<configurable_attributes>color</configurable_attributes>
		<associated_sku>configurable-product-turquoise,configurable-product-gray,configurable-product-purple,configurable-product-orange</associated_sku>
	</item>
	<item>
		<type>simple</type>
		<name>Simple Product</name>
		<url>simple-product-green</url>
		<sku>simple-product-green</sku>
		<color>Green</color>
		<price>24.95</price>
		<description><![CDATA[<p>Prima saepe instructior vis ut, te vel eros assueverit. Has in verterem recusabo. Et vix odio unum invidunt, lorem possit praesent no pro, decore vituperatoribus ad cum. His suas hendrerit evertitur ne. Vel et sale adolescens complectitur, solet periculis erroribus his no.</p><ul><li>Ea mundi altera mei, qui in porro inani.</li><li>Ubique labitur ne mei, vix errem inermis dolores in.</li><li>Nec at malis quidam aeterno et quot iriure qui.</li><li>Quo autem accusamus disputationi ut, natum oportere interpretaris est ei.</li><li>Eam no primis putant similique, ea choro prodesset pro.</li></ul>]]></description>
		<short_description><![CDATA[<p>Prima saepe instructior vis ut, te vel eros assueverit. Has in verterem recusabo. Et vix odio unum invidunt, lorem possit praesent no pro, decore vituperatoribus ad cum. His suas hendrerit evertitur ne. Vel et sale adolescens complectitur, solet periculis erroribus his no.</p>]]></short_description>
		<category_url>living-room,bedroom,dining-and-kitchen,outdoor,decor,sofas-and-armchairs,coffee-and-side-tables,tv-and-media-furniture,living-room-storage,beds-and-headboards,mattresses,nightstands-and-bedside-tables,wardrobes-and-bedroom-storage,tables,chairs,bar-stools,buffets-and-sideboards,kitchen-islands-and-carts,dining-tables,outdoor-lounge-furniture,outdoor-sectional-sofa,textils,pillows,lighting,bath,decor-accesories,mirrors,tabletop-decor</category_url>
		<special_price></special_price>
		<special_from_date></special_from_date>
		<special_to_date></special_to_date>
		<visible>1</visible>
		<news_from_date>04/01/2016</news_from_date>
		<news_to_date></news_to_date>
		<manufacturer>LoremIpsum</manufacturer>
		<country_of_manufacturer>CN</country_of_manufacturer>
		<msrp_enabled>0</msrp_enabled>
		<msrp_display_type>4</msrp_display_type>
		<msrp></msrp>
		<images>product-demo-image-2-2.jpg,product-demo-image-2.jpg,product-demo-image-2-3.jpg</images>
	</item>
	<item>
		<type>simple</type>
		<name>Red Simple Product</name>
		<url>red-simple-product</url>
		<sku>red-simple-product</sku>
		<color>Red</color>
		<price>29.95</price>
		<description><![CDATA[<p>Prima saepe instructior vis ut, te vel eros assueverit. Has in verterem recusabo. Et vix odio unum invidunt, lorem possit praesent no pro, decore vituperatoribus ad cum. His suas hendrerit evertitur ne. Vel et sale adolescens complectitur, solet periculis erroribus his no.</p><ul><li>Ea mundi altera mei, qui in porro inani.</li><li>Ubique labitur ne mei, vix errem inermis dolores in.</li><li>Nec at malis quidam aeterno et quot iriure qui.</li><li>Quo autem accusamus disputationi ut, natum oportere interpretaris est ei.</li><li>Eam no primis putant similique, ea choro prodesset pro.</li></ul>]]></description>
		<short_description><![CDATA[<p>Prima saepe instructior vis ut, te vel eros assueverit. Has in verterem recusabo. Et vix odio unum invidunt, lorem possit praesent no pro, decore vituperatoribus ad cum. His suas hendrerit evertitur ne. Vel et sale adolescens complectitur, solet periculis erroribus his no.</p>]]></short_description>
		<category_url>living-room,bedroom,dining-and-kitchen,outdoor,decor,sofas-and-armchairs,coffee-and-side-tables,tv-and-media-furniture,living-room-storage,beds-and-headboards,mattresses,nightstands-and-bedside-tables,wardrobes-and-bedroom-storage,tables,chairs,bar-stools,buffets-and-sideboards,kitchen-islands-and-carts,dining-tables,outdoor-lounge-furniture,outdoor-sectional-sofa,textils,pillows,lighting,bath,decor-accesories,mirrors,tabletop-decor</category_url>
		<special_price></special_price>
		<special_from_date></special_from_date>
		<special_to_date></special_to_date>
		<visible>1</visible>
		<news_from_date></news_from_date>
		<news_to_date></news_to_date>
		<manufacturer>Rocket Company</manufacturer>
		<country_of_manufacturer>CN</country_of_manufacturer>
		<msrp_enabled>0</msrp_enabled>
		<msrp_display_type>4</msrp_display_type>
		<msrp></msrp>
		<images>product-demo-image-3-3.jpg,product-demo-image-3.jpg,product-demo-image-3-2.jpg</images>
	</item>
	<item>
		<type>simple</type>
		<name>Gray Simple Product</name>
		<url>gray-simple-product</url>
		<sku>gray-simple-product</sku>
		<color>Gray</color>
		<price>14.95</price>
		<description><![CDATA[<p>Prima saepe instructior vis ut, te vel eros assueverit. Has in verterem recusabo. Et vix odio unum invidunt, lorem possit praesent no pro, decore vituperatoribus ad cum. His suas hendrerit evertitur ne. Vel et sale adolescens complectitur, solet periculis erroribus his no.</p><ul><li>Ea mundi altera mei, qui in porro inani.</li><li>Ubique labitur ne mei, vix errem inermis dolores in.</li><li>Nec at malis quidam aeterno et quot iriure qui.</li><li>Quo autem accusamus disputationi ut, natum oportere interpretaris est ei.</li><li>Eam no primis putant similique, ea choro prodesset pro.</li></ul>]]></description>
		<short_description><![CDATA[<p>Prima saepe instructior vis ut, te vel eros assueverit. Has in verterem recusabo. Et vix odio unum invidunt, lorem possit praesent no pro, decore vituperatoribus ad cum. His suas hendrerit evertitur ne. Vel et sale adolescens complectitur, solet periculis erroribus his no.</p>]]></short_description>
		<category_url>living-room,bedroom,dining-and-kitchen,outdoor,decor,sofas-and-armchairs,coffee-and-side-tables,tv-and-media-furniture,living-room-storage,beds-and-headboards,mattresses,nightstands-and-bedside-tables,wardrobes-and-bedroom-storage,tables,chairs,bar-stools,buffets-and-sideboards,kitchen-islands-and-carts,dining-tables,outdoor-lounge-furniture,outdoor-sectional-sofa,textils,pillows,lighting,bath,decor-accesories,mirrors,tabletop-decor</category_url>
		<special_price></special_price>
		<special_from_date></special_from_date>
		<special_to_date></special_to_date>
		<visible>1</visible>
		<news_from_date>04/01/2016</news_from_date>
		<news_to_date></news_to_date>
		<manufacturer>Brand</manufacturer>
		<country_of_manufacturer>VN</country_of_manufacturer>
		<msrp_enabled>0</msrp_enabled>
		<msrp_display_type>4</msrp_display_type>
		<msrp></msrp>
		<images>product-demo-image-5.jpg,product-demo-image-5-3.jpg,product-demo-image-5-2.jpg</images>
	</item>
	<item>
		<type>simple</type>
		<name>Rose Simple Product</name>
		<url>rose-simple-product</url>
		<sku>rose-simple-product</sku>
		<color>Rose</color>
		<price>14.95</price>
		<description><![CDATA[<p>Prima saepe instructior vis ut, te vel eros assueverit. Has in verterem recusabo. Et vix odio unum invidunt, lorem possit praesent no pro, decore vituperatoribus ad cum. His suas hendrerit evertitur ne. Vel et sale adolescens complectitur, solet periculis erroribus his no.</p><ul><li>Ea mundi altera mei, qui in porro inani.</li><li>Ubique labitur ne mei, vix errem inermis dolores in.</li><li>Nec at malis quidam aeterno et quot iriure qui.</li><li>Quo autem accusamus disputationi ut, natum oportere interpretaris est ei.</li><li>Eam no primis putant similique, ea choro prodesset pro.</li></ul>]]></description>
		<short_description><![CDATA[<p>Prima saepe instructior vis ut, te vel eros assueverit. Has in verterem recusabo. Et vix odio unum invidunt, lorem possit praesent no pro, decore vituperatoribus ad cum. His suas hendrerit evertitur ne. Vel et sale adolescens complectitur, solet periculis erroribus his no.</p>]]></short_description>
		<category_url>living-room,bedroom,dining-and-kitchen,outdoor,decor,sofas-and-armchairs,coffee-and-side-tables,tv-and-media-furniture,living-room-storage,beds-and-headboards,mattresses,nightstands-and-bedside-tables,wardrobes-and-bedroom-storage,tables,chairs,bar-stools,buffets-and-sideboards,kitchen-islands-and-carts,dining-tables,outdoor-lounge-furniture,outdoor-sectional-sofa,textils,pillows,lighting,bath,decor-accesories,mirrors,tabletop-decor</category_url>
		<special_price></special_price>
		<special_from_date></special_from_date>
		<special_to_date></special_to_date>
		<visible>1</visible>
		<news_from_date></news_from_date>
		<news_to_date></news_to_date>
		<manufacturer>Abstract</manufacturer>
		<country_of_manufacturer>CN</country_of_manufacturer>
		<msrp_enabled>0</msrp_enabled>
		<msrp_display_type>4</msrp_display_type>
		<msrp></msrp>
		<images>product-demo-image-7-2.jpg,product-demo-image-7.jpg,product-demo-image-7-3.jpg</images>
	</item>
	<item>
		<type>simple</type>
		<name>Example Product</name>
		<url>example-product</url>
		<sku>example-product</sku>
		<color>Gray</color>
		<price>44.50</price>
		<description><![CDATA[<p>At sunrise he summoned all hands; and separating those who had rebelled from those who had taken no part in the mutiny, he told the former that he had a good mind to flog them all round—thought, upon the whole, he would do so—he ought to—justice demanded it; but for the present, considering their timely surrender, he would let them go with a reprimand, which he accordingly administered in the vernacular.</p><p>But as for you, ye carrion rogues, turning to the three men in the rigging—for you, I mean to mince ye up for the try-pots; and, seizing a rope, he applied it with all his might to the backs of the two traitors, till they yelled no more, but lifelessly hung their heads sideways, as the two crucified thieves are drawn.</p><ul><li>Ea mundi altera mei, qui in porro inani.</li><li>Ubique labitur ne mei, vix errem inermis dolores in.</li><li>Nec at malis quidam aeterno et quot iriure qui.</li><li>Quo autem accusamus disputationi ut, natum oportere interpretaris est ei.</li><li>Eam no primis putant similique, ea choro prodesset pro.</li></ul><p>For a moment the exhausted mutineer made a tremulous motion of his cramped jaws, and then painfully twisting round his head, said in a sort of hiss, What I say is this—and mind it well—if you flog me, I murder you!</p>]]></description>
		<short_description><![CDATA[<p>At sunrise he summoned all hands; and separating those who had rebelled from those who had taken no part in the mutiny, he told the former that he had a good mind to flog them all round—thought, upon the whole, he would do so—he ought to—justice demanded it; but for the present, considering their timely surrender, he would let them go with a reprimand, which he accordingly administered in the vernacular.</p>]]></short_description>
		<category_url>living-room,bedroom,dining-and-kitchen,outdoor,decor,sofas-and-armchairs,coffee-and-side-tables,tv-and-media-furniture,living-room-storage,beds-and-headboards,mattresses,nightstands-and-bedside-tables,wardrobes-and-bedroom-storage,tables,chairs,bar-stools,buffets-and-sideboards,kitchen-islands-and-carts,dining-tables,outdoor-lounge-furniture,outdoor-sectional-sofa,textils,pillows,lighting,bath,decor-accesories,mirrors,tabletop-decor</category_url>
		<special_price>35.50</special_price>
		<special_from_date>04/01/2016</special_from_date>
		<special_to_date></special_to_date>
		<visible>1</visible>
		<news_from_date></news_from_date>
		<news_to_date></news_to_date>
		<manufacturer>Rocket Company</manufacturer>
		<country_of_manufacturer>US</country_of_manufacturer>
		<msrp_enabled>0</msrp_enabled>
		<msrp_display_type>4</msrp_display_type>
		<msrp></msrp>
		<images>product-demo-image-9.jpg,product-demo-image-9-2.jpg,product-demo-image-9-3.jpg</images>
	</item>
	<item>
		<type>simple</type>
		<name>Your Amazing Product</name>
		<url>amazing-product</url>
		<sku>amazing-product</sku>
		<color>Red</color>
		<price>79.99</price>
		<description><![CDATA[<p>Bitters hammock authentic, pop-up chambray aesthetic marfa echo park DIY. Next level marfa artisan biodiesel blue bottle umami. Pickled sriracha you probably have not heard of them bushwick, normcore chicharrones asymmetrical. Cornhole roof party paleo, humblebrag kombucha sartorial direct trade ethical tilde swag schlitz. Crucifix retro chillwave, cold-pressed pabst poutine small batch. Drinking vinegar brunch semiotics, offal food truck next level seitan street art chambray trust fund four loko 8-bit. Selfies small batch vice put a bird on it.</p><p>Polaroid cardigan twee, kale chips mlkshk deep v wolf keffiyeh you probably have not heard of them authentic beard. Roof party put a bird on it authentic, fap heirloom craft beer +1 chicharrones offal four dollar toast readymade humblebrag irony. Lo-fi celiac banh mi, selvage gochujang affogato fap. Helvetica 8-bit mustache, XOXO ennui pour-over lomo portland brunch forage mlkshk venmo.</p><ul><li>Ea mundi altera mei, qui in porro inani.</li><li>Ubique labitur ne mei, vix errem inermis dolores in.</li><li>Nec at malis quidam aeterno et quot iriure qui.</li><li>Quo autem accusamus disputationi ut, natum oportere interpretaris est ei.</li><li>Eam no primis putant similique, ea choro prodesset pro.</li></ul>]]></description>
		<short_description><![CDATA[<p>Bitters hammock authentic, pop-up chambray aesthetic marfa echo park DIY. Next level marfa artisan biodiesel blue bottle umami. Pickled sriracha you probably have not heard of them bushwick, normcore chicharrones asymmetrical. Cornhole roof party paleo, humblebrag kombucha sartorial direct trade ethical tilde swag schlitz.</p>]]></short_description>
		<category_url>living-room,bedroom,dining-and-kitchen,outdoor,decor,sofas-and-armchairs,coffee-and-side-tables,tv-and-media-furniture,living-room-storage,beds-and-headboards,mattresses,nightstands-and-bedside-tables,wardrobes-and-bedroom-storage,tables,chairs,bar-stools,buffets-and-sideboards,kitchen-islands-and-carts,dining-tables,outdoor-lounge-furniture,outdoor-sectional-sofa,textils,pillows,lighting,bath,decor-accesories,mirrors,tabletop-decor</category_url>
		<special_price></special_price>
		<special_from_date></special_from_date>
		<special_to_date></special_to_date>
		<visible>1</visible>
		<news_from_date></news_from_date>
		<news_to_date></news_to_date>
		<manufacturer>Intenso</manufacturer>
		<country_of_manufacturer>CA</country_of_manufacturer>
		<msrp_enabled>0</msrp_enabled>
		<msrp_display_type>4</msrp_display_type>
		<msrp></msrp>
		<images>product-demo-image-10.jpg,product-demo-image-10-2.jpg,product-demo-image-10-3.jpg</images>
	</item>
	<item>
		<type>simple</type>
		<name>Digital Camera</name>
		<url>example-digital-camera</url>
		<sku>example-digital-camera</sku>
		<color>Blue</color>
		<price>198.00</price>
		<description><![CDATA[<p>Bitters hammock authentic, pop-up chambray aesthetic marfa echo park DIY. Next level marfa artisan biodiesel blue bottle umami. Pickled sriracha you probably have not heard of them bushwick, normcore chicharrones asymmetrical. Cornhole roof party paleo, humblebrag kombucha sartorial direct trade ethical tilde swag schlitz. Crucifix retro chillwave, cold-pressed pabst poutine small batch. Drinking vinegar brunch semiotics, offal food truck next level seitan street art chambray trust fund four loko 8-bit. Selfies small batch vice put a bird on it.</p><p>Polaroid cardigan twee, kale chips mlkshk deep v wolf keffiyeh you probably have not heard of them authentic beard. Roof party put a bird on it authentic, fap heirloom craft beer +1 chicharrones offal four dollar toast readymade humblebrag irony. Lo-fi celiac banh mi, selvage gochujang affogato fap. Helvetica 8-bit mustache, XOXO ennui pour-over lomo portland brunch forage mlkshk venmo.</p><ul><li>Ea mundi altera mei, qui in porro inani.</li><li>Ubique labitur ne mei, vix errem inermis dolores in.</li><li>Nec at malis quidam aeterno et quot iriure qui.</li><li>Quo autem accusamus disputationi ut, natum oportere interpretaris est ei.</li><li>Eam no primis putant similique, ea choro prodesset pro.</li></ul>]]></description>
		<short_description><![CDATA[<p>Bitters hammock authentic, pop-up chambray aesthetic marfa echo park DIY. Next level marfa artisan biodiesel blue bottle umami. Pickled sriracha you probably have not heard of them bushwick, normcore chicharrones asymmetrical. Cornhole roof party paleo, humblebrag kombucha sartorial direct trade ethical tilde swag schlitz.</p>]]></short_description>
		<category_url>living-room,bedroom,dining-and-kitchen,outdoor,decor,sofas-and-armchairs,coffee-and-side-tables,tv-and-media-furniture,living-room-storage,beds-and-headboards,mattresses,nightstands-and-bedside-tables,wardrobes-and-bedroom-storage,tables,chairs,bar-stools,buffets-and-sideboards,kitchen-islands-and-carts,dining-tables,outdoor-lounge-furniture,outdoor-sectional-sofa,textils,pillows,lighting,bath,decor-accesories,mirrors,tabletop-decor</category_url>
		<special_price>168.50</special_price>
		<special_from_date>04/01/2016</special_from_date>
		<special_to_date></special_to_date>
		<visible>1</visible>
		<news_from_date></news_from_date>
		<news_to_date></news_to_date>
		<manufacturer>Intenso</manufacturer>
		<country_of_manufacturer>CA</country_of_manufacturer>
		<msrp_enabled>0</msrp_enabled>
		<msrp_display_type>4</msrp_display_type>
		<msrp></msrp>
		<images>product-demo-image-11.jpg,product-demo-image-11-2.jpg,product-demo-image-11-3.jpg</images>
	</item>
	<item>
		<type>simple</type>
		<name>Dummy Product</name>
		<url>dummy-product</url>
		<sku>dummy-product</sku>
		<color>Brown</color>
		<price>49.99</price>
		<description><![CDATA[<p>Bitters hammock authentic, pop-up chambray aesthetic marfa echo park DIY. Next level marfa artisan biodiesel blue bottle umami. Pickled sriracha you probably have not heard of them bushwick, normcore chicharrones asymmetrical. Cornhole roof party paleo, humblebrag kombucha sartorial direct trade ethical tilde swag schlitz. Crucifix retro chillwave, cold-pressed pabst poutine small batch. Drinking vinegar brunch semiotics, offal food truck next level seitan street art chambray trust fund four loko 8-bit. Selfies small batch vice put a bird on it.</p><p>Polaroid cardigan twee, kale chips mlkshk deep v wolf keffiyeh you probably have not heard of them authentic beard. Roof party put a bird on it authentic, fap heirloom craft beer +1 chicharrones offal four dollar toast readymade humblebrag irony. Lo-fi celiac banh mi, selvage gochujang affogato fap. Helvetica 8-bit mustache, XOXO ennui pour-over lomo portland brunch forage mlkshk venmo.</p><ul><li>Ea mundi altera mei, qui in porro inani.</li><li>Ubique labitur ne mei, vix errem inermis dolores in.</li><li>Nec at malis quidam aeterno et quot iriure qui.</li><li>Quo autem accusamus disputationi ut, natum oportere interpretaris est ei.</li><li>Eam no primis putant similique, ea choro prodesset pro.</li></ul>]]></description>
		<short_description><![CDATA[<p>Bitters hammock authentic, pop-up chambray aesthetic marfa echo park DIY. Next level marfa artisan biodiesel blue bottle umami. Pickled sriracha you probably have not heard of them bushwick, normcore chicharrones asymmetrical. Cornhole roof party paleo, humblebrag kombucha sartorial direct trade ethical tilde swag schlitz.</p>]]></short_description>
		<category_url>living-room,bedroom,dining-and-kitchen,outdoor,decor,sofas-and-armchairs,coffee-and-side-tables,tv-and-media-furniture,living-room-storage,beds-and-headboards,mattresses,nightstands-and-bedside-tables,wardrobes-and-bedroom-storage,tables,chairs,bar-stools,buffets-and-sideboards,kitchen-islands-and-carts,dining-tables,outdoor-lounge-furniture,outdoor-sectional-sofa,textils,pillows,lighting,bath,decor-accesories,mirrors,tabletop-decor</category_url>
		<special_price></special_price>
		<special_from_date></special_from_date>
		<special_to_date></special_to_date>
		<visible>1</visible>
		<news_from_date></news_from_date>
		<news_to_date></news_to_date>
		<manufacturer>Social Media</manufacturer>
		<country_of_manufacturer>CA</country_of_manufacturer>
		<msrp_enabled>0</msrp_enabled>
		<msrp_display_type>4</msrp_display_type>
		<msrp></msrp>
		<images>product-demo-image-12.jpg,product-demo-image-12-2.jpg,product-demo-image-12-3.jpg</images>
	</item>
	<item>
		<type>simple</type>
		<name>Just a Clock</name>
		<url>dummy-clock</url>
		<sku>dummy-clock</sku>
		<color>Red</color>
		<price>18.15</price>
		<description><![CDATA[<p>The first thing I have got to do, said Alice to herself, as she wandered about in the wood, is to grow to my right size again; and the second thing is to find my way into that lovely garden. I think that will be the best plan.</p><p>It sounded an excellent plan, no doubt, and very neatly and simply arranged; the only difficulty was, that she had not the smallest idea how to set about it; and while she was peering about anxiously among the trees, a little sharp bark just over her head made her look up in a great hurry.</p><ul><li>Ea mundi altera mei, qui in porro inani.</li><li>Ubique labitur ne mei, vix errem inermis dolores in.</li><li>Nec at malis quidam aeterno et quot iriure qui.</li><li>Quo autem accusamus disputationi ut, natum oportere interpretaris est ei.</li><li>Eam no primis putant similique, ea choro prodesset pro.</li></ul><p>An enormous puppy was looking down at her with large round eyes, and feebly stretching out one paw, trying to touch her. Poor little thing! said Alice, in a coaxing tone, and she tried hard to whistle to it; but she was terribly frightened all the time at the thought that it might be hungry, in which case it would be very likely to eat her up in spite of all her coaxing.</p>]]></description>
		<short_description><![CDATA[<p>The first thing I have got to do, said Alice to herself, as she wandered about in the wood, is to grow to my right size again; and the second thing is to find my way into that lovely garden. I think that will be the best plan.</p>]]></short_description>
		<category_url>living-room,bedroom,dining-and-kitchen,outdoor,decor,sofas-and-armchairs,coffee-and-side-tables,tv-and-media-furniture,living-room-storage,beds-and-headboards,mattresses,nightstands-and-bedside-tables,wardrobes-and-bedroom-storage,tables,chairs,bar-stools,buffets-and-sideboards,kitchen-islands-and-carts,dining-tables,outdoor-lounge-furniture,outdoor-sectional-sofa,textils,pillows,lighting,bath,decor-accesories,mirrors,tabletop-decor</category_url>
		<special_price></special_price>
		<special_from_date></special_from_date>
		<special_to_date></special_to_date>
		<visible>1</visible>
		<news_from_date>04/01/2016</news_from_date>
		<news_to_date></news_to_date>
		<manufacturer>Sample Logo</manufacturer>
		<country_of_manufacturer>BR</country_of_manufacturer>
		<msrp_enabled>0</msrp_enabled>
		<msrp_display_type>4</msrp_display_type>
		<msrp></msrp>
		<images>product-demo-image-13.jpg,product-demo-image-13-2.jpg,product-demo-image-13-3.jpg</images>
	</item>
	<item>
		<type>simple</type>
		<name>Hourglass</name>
		<url>dummy-hourglass</url>
		<sku>dummy-hourglass</sku>
		<color>Gray</color>
		<price>28.50</price>
		<description><![CDATA[<p>At sunrise he summoned all hands; and separating those who had rebelled from those who had taken no part in the mutiny, he told the former that he had a good mind to flog them all round—thought, upon the whole, he would do so—he ought to—justice demanded it; but for the present, considering their timely surrender, he would let them go with a reprimand, which he accordingly administered in the vernacular.</p><p>But as for you, ye carrion rogues, turning to the three men in the rigging—for you, I mean to mince ye up for the try-pots; and, seizing a rope, he applied it with all his might to the backs of the two traitors, till they yelled no more, but lifelessly hung their heads sideways, as the two crucified thieves are drawn.</p><ul><li>Ea mundi altera mei, qui in porro inani.</li><li>Ubique labitur ne mei, vix errem inermis dolores in.</li><li>Nec at malis quidam aeterno et quot iriure qui.</li><li>Quo autem accusamus disputationi ut, natum oportere interpretaris est ei.</li><li>Eam no primis putant similique, ea choro prodesset pro.</li></ul><p>For a moment the exhausted mutineer made a tremulous motion of his cramped jaws, and then painfully twisting round his head, said in a sort of hiss, What I say is this—and mind it well—if you flog me, I murder you!</p>]]></description>
		<short_description><![CDATA[<p>At sunrise he summoned all hands; and separating those who had rebelled from those who had taken no part in the mutiny, he told the former that he had a good mind to flog them all round—thought, upon the whole, he would do so—he ought to—justice demanded it; but for the present, considering their timely surrender, he would let them go with a reprimand, which he accordingly administered in the vernacular.</p>]]></short_description>
		<category_url>living-room,bedroom,dining-and-kitchen,outdoor,decor,sofas-and-armchairs,coffee-and-side-tables,tv-and-media-furniture,living-room-storage,beds-and-headboards,mattresses,nightstands-and-bedside-tables,wardrobes-and-bedroom-storage,tables,chairs,bar-stools,buffets-and-sideboards,kitchen-islands-and-carts,dining-tables,outdoor-lounge-furniture,outdoor-sectional-sofa,textils,pillows,lighting,bath,decor-accesories,mirrors,tabletop-decor</category_url>
		<special_price></special_price>
		<special_from_date></special_from_date>
		<special_to_date></special_to_date>
		<visible>1</visible>
		<news_from_date></news_from_date>
		<news_to_date></news_to_date>
		<manufacturer>Amazing</manufacturer>
		<country_of_manufacturer>US</country_of_manufacturer>
		<msrp_enabled>0</msrp_enabled>
		<msrp_display_type>4</msrp_display_type>
		<msrp></msrp>
		<images>product-demo-image-14.jpg,product-demo-image-14-2.jpg,product-demo-image-14-3.jpg</images>
	</item>
	<item>
		<type>simple</type>
		<name>Magic Wand</name>
		<url>magic-wand</url>
		<sku>magic-wand</sku>
		<color>Green</color>
		<price>9.99</price>
		<description><![CDATA[<p>Bitters hammock authentic, pop-up chambray aesthetic marfa echo park DIY. Next level marfa artisan biodiesel blue bottle umami. Pickled sriracha you probably have not heard of them bushwick, normcore chicharrones asymmetrical. Cornhole roof party paleo, humblebrag kombucha sartorial direct trade ethical tilde swag schlitz. Crucifix retro chillwave, cold-pressed pabst poutine small batch. Drinking vinegar brunch semiotics, offal food truck next level seitan street art chambray trust fund four loko 8-bit. Selfies small batch vice put a bird on it.</p><p>Polaroid cardigan twee, kale chips mlkshk deep v wolf keffiyeh you probably have not heard of them authentic beard. Roof party put a bird on it authentic, fap heirloom craft beer +1 chicharrones offal four dollar toast readymade humblebrag irony. Lo-fi celiac banh mi, selvage gochujang affogato fap. Helvetica 8-bit mustache, XOXO ennui pour-over lomo portland brunch forage mlkshk venmo.</p><ul><li>Ea mundi altera mei, qui in porro inani.</li><li>Ubique labitur ne mei, vix errem inermis dolores in.</li><li>Nec at malis quidam aeterno et quot iriure qui.</li><li>Quo autem accusamus disputationi ut, natum oportere interpretaris est ei.</li><li>Eam no primis putant similique, ea choro prodesset pro.</li></ul>]]></description>
		<short_description><![CDATA[<p>Bitters hammock authentic, pop-up chambray aesthetic marfa echo park DIY. Next level marfa artisan biodiesel blue bottle umami. Pickled sriracha you probably have not heard of them bushwick, normcore chicharrones asymmetrical. Cornhole roof party paleo, humblebrag kombucha sartorial direct trade ethical tilde swag schlitz.</p>]]></short_description>
		<category_url>living-room,bedroom,dining-and-kitchen,outdoor,decor,sofas-and-armchairs,coffee-and-side-tables,tv-and-media-furniture,living-room-storage,beds-and-headboards,mattresses,nightstands-and-bedside-tables,wardrobes-and-bedroom-storage,tables,chairs,bar-stools,buffets-and-sideboards,kitchen-islands-and-carts,dining-tables,outdoor-lounge-furniture,outdoor-sectional-sofa,textils,pillows,lighting,bath,decor-accesories,mirrors,tabletop-decor</category_url>
		<special_price></special_price>
		<special_from_date></special_from_date>
		<special_to_date></special_to_date>
		<visible>1</visible>
		<news_from_date></news_from_date>
		<news_to_date></news_to_date>
		<manufacturer>Intenso</manufacturer>
		<country_of_manufacturer>CN</country_of_manufacturer>
		<msrp_enabled>0</msrp_enabled>
		<msrp_display_type>4</msrp_display_type>
		<msrp></msrp>
		<images>product-demo-image-15.jpg,product-demo-image-15-2.jpg,product-demo-image-15-3.jpg</images>
	</item>
	<item>
		<type>simple</type>
		<name>Rocket Toy</name>
		<url>rocket-toy</url>
		<sku>rocket-toy</sku>
		<color>Yellow</color>
		<price>11.99</price>
		<description><![CDATA[<p>At sunrise he summoned all hands; and separating those who had rebelled from those who had taken no part in the mutiny, he told the former that he had a good mind to flog them all round—thought, upon the whole, he would do so—he ought to—justice demanded it; but for the present, considering their timely surrender, he would let them go with a reprimand, which he accordingly administered in the vernacular.</p><p>But as for you, ye carrion rogues, turning to the three men in the rigging—for you, I mean to mince ye up for the try-pots; and, seizing a rope, he applied it with all his might to the backs of the two traitors, till they yelled no more, but lifelessly hung their heads sideways, as the two crucified thieves are drawn.</p><ul><li>Ea mundi altera mei, qui in porro inani.</li><li>Ubique labitur ne mei, vix errem inermis dolores in.</li><li>Nec at malis quidam aeterno et quot iriure qui.</li><li>Quo autem accusamus disputationi ut, natum oportere interpretaris est ei.</li><li>Eam no primis putant similique, ea choro prodesset pro.</li></ul><p>For a moment the exhausted mutineer made a tremulous motion of his cramped jaws, and then painfully twisting round his head, said in a sort of hiss, What I say is this—and mind it well—if you flog me, I murder you!</p>]]></description>
		<short_description><![CDATA[<p>At sunrise he summoned all hands; and separating those who had rebelled from those who had taken no part in the mutiny, he told the former that he had a good mind to flog them all round—thought, upon the whole, he would do so—he ought to—justice demanded it; but for the present, considering their timely surrender, he would let them go with a reprimand, which he accordingly administered in the vernacular.</p>]]></short_description>
		<category_url>living-room,bedroom,dining-and-kitchen,outdoor,decor,sofas-and-armchairs,coffee-and-side-tables,tv-and-media-furniture,living-room-storage,beds-and-headboards,mattresses,nightstands-and-bedside-tables,wardrobes-and-bedroom-storage,tables,chairs,bar-stools,buffets-and-sideboards,kitchen-islands-and-carts,dining-tables,outdoor-lounge-furniture,outdoor-sectional-sofa,textils,pillows,lighting,bath,decor-accesories,mirrors,tabletop-decor</category_url>
		<special_price></special_price>
		<special_from_date></special_from_date>
		<special_to_date></special_to_date>
		<visible>1</visible>
		<news_from_date></news_from_date>
		<news_to_date></news_to_date>
		<manufacturer>Brand</manufacturer>
		<country_of_manufacturer>MX</country_of_manufacturer>
		<msrp_enabled>0</msrp_enabled>
		<msrp_display_type>4</msrp_display_type>
		<msrp></msrp>
		<images>product-demo-image-16.jpg,product-demo-image-16-2.jpg,product-demo-image-16-3.jpg</images>
	</item>
	<item>
		<type>downloadable</type>
		<name>Downloadable Book</name>
		<url>downloadable-book</url>
		<sku>downloadable-book</sku>
		<price>4.95</price>
		<description><![CDATA[<p>Prima saepe instructior vis ut, te vel eros assueverit. Has in verterem recusabo. Et vix odio unum invidunt, lorem possit praesent no pro, decore vituperatoribus ad cum. His suas hendrerit evertitur ne. Vel et sale adolescens complectitur, solet periculis erroribus his no.</p><ul><li>Ea mundi altera mei, qui in porro inani.</li><li>Ubique labitur ne mei, vix errem inermis dolores in.</li><li>Nec at malis quidam aeterno et quot iriure qui.</li><li>Quo autem accusamus disputationi ut, natum oportere interpretaris est ei.</li><li>Eam no primis putant similique, ea choro prodesset pro.</li></ul>]]></description>
		<short_description><![CDATA[<p>Prima saepe instructior vis ut, te vel eros assueverit. Has in verterem recusabo. Et vix odio unum invidunt, lorem possit praesent no pro, decore vituperatoribus ad cum. His suas hendrerit evertitur ne. Vel et sale adolescens complectitur, solet periculis erroribus his no.</p>]]></short_description>
		<category_url>living-room,bedroom,dining-and-kitchen,outdoor,decor,sofas-and-armchairs,coffee-and-side-tables,tv-and-media-furniture,living-room-storage,beds-and-headboards,mattresses,nightstands-and-bedside-tables,wardrobes-and-bedroom-storage,tables,chairs,bar-stools,buffets-and-sideboards,kitchen-islands-and-carts,dining-tables,outdoor-lounge-furniture,outdoor-sectional-sofa,textils,pillows,lighting,bath,decor-accesories,mirrors,tabletop-decor</category_url>
		<special_price></special_price>
		<special_from_date></special_from_date>
		<special_to_date></special_to_date>
		<visible>1</visible>
		<news_from_date></news_from_date>
		<news_to_date></news_to_date>
		<manufacturer>Abstract</manufacturer>
		<country_of_manufacturer>CN</country_of_manufacturer>
		<msrp_enabled>0</msrp_enabled>
		<msrp_display_type>4</msrp_display_type>
		<msrp></msrp>
		<images>product-demo-image-4.jpg,product-demo-image-4-2.jpg,product-demo-image-4-3.jpg</images>
		<links_title>Format</links_title>
		<download_title>Downloadable Book [pdf version]</download_title>
		<link_file>downloadable-demo-file.pdf</link_file>
		<samples_title>Sample chapter</samples_title>
		<sample_file>downloadable-demo-file.pdf</sample_file>
	</item>
</products>
</root>
