<?xml version="1.0" encoding="UTF-8"?>
<!--
/**
 * Intenso Premium Theme
 * 
 * @category    Itactica
 * @package     Itactica_LayeredNavigation
 * @copyright   Copyright (c) 2014 Itactica (http://www.itactica.com)
 * @license     http://getintenso.com/license
 */
-->
<config>
    <acl>
        <resources>
            <admin>
                <children>
                    <system>
                        <children>
                            <config>
                                <children>
                                    <itactica_layerednavigation translate="title" module="itactica_layerednavigation">
                                        <title>Intenso - Layered Navigation</title>
                                    </itactica_layerednavigation>
                                </children>
                            </config>
                        </children>
                    </system>
                </children>
            </admin>
        </resources>
    </acl>
</config>